/*
SQLyog Ultimate v12.5.1 (64 bit)
MySQL - 10.4.14-MariaDB : Database - uveg
*********************************************************************
*/

/*!40101 SET NAMES utf8 */;

/*!40101 SET SQL_MODE=''*/;

/*!40014 SET @OLD_UNIQUE_CHECKS=@@UNIQUE_CHECKS, UNIQUE_CHECKS=0 */;
/*!40101 SET @OLD_SQL_MODE=@@SQL_MODE, SQL_MODE='NO_AUTO_VALUE_ON_ZERO' */;
/*!40111 SET @OLD_SQL_NOTES=@@SQL_NOTES, SQL_NOTES=0 */;
CREATE DATABASE /*!32312 IF NOT EXISTS*/`uveg` /*!40100 DEFAULT CHARACTER SET utf8 COLLATE utf8_spanish_ci */;

USE `uveg`;

/*Table structure for table `alumnos_tbc` */

DROP TABLE IF EXISTS `alumnos_tbc`;

CREATE TABLE `alumnos_tbc` (
  `id_alumno_tbc` int(11) NOT NULL AUTO_INCREMENT,
  `matricula` varchar(20) COLLATE utf8_spanish_ci DEFAULT NULL,
  `id_persona` int(11) DEFAULT NULL,
  `id_tlb` int(11) DEFAULT NULL,
  `generacion` tinyint(4) DEFAULT NULL,
  `estatus_alumno` int(11) DEFAULT NULL,
  `activo` tinyint(4) DEFAULT NULL,
  `fecha_registro` datetime DEFAULT NULL,
  PRIMARY KEY (`id_alumno_tbc`),
  KEY `id_persona` (`id_persona`),
  KEY `estatus_alumno` (`estatus_alumno`),
  KEY `id_tlb` (`id_tlb`),
  CONSTRAINT `alumnos_tbc_ibfk_1` FOREIGN KEY (`id_persona`) REFERENCES `personas` (`id_persona`),
  CONSTRAINT `alumnos_tbc_ibfk_2` FOREIGN KEY (`estatus_alumno`) REFERENCES `cat_alumnos_activos` (`id_alumnos_activos`),
  CONSTRAINT `alumnos_tbc_ibfk_3` FOREIGN KEY (`id_tlb`) REFERENCES `cat_tlb` (`cat_tlb_id`)
) ENGINE=InnoDB AUTO_INCREMENT=201 DEFAULT CHARSET=utf8 COLLATE=utf8_spanish_ci;

/*Data for the table `alumnos_tbc` */

insert  into `alumnos_tbc`(`id_alumno_tbc`,`matricula`,`id_persona`,`id_tlb`,`generacion`,`estatus_alumno`,`activo`,`fecha_registro`) values 
(1,'TBC130001001',1,1,1,1,1,'2022-05-28 20:26:12'),
(2,'TBC130001002',2,1,1,1,1,'2022-05-28 20:26:12'),
(3,'TBC130001003',3,1,1,1,1,'2022-05-28 20:26:12'),
(4,'TBC130001004',4,1,1,1,1,'2022-05-28 20:26:12'),
(5,'TBC130001005',5,1,1,2,1,'2022-05-28 20:26:12'),
(6,'TBC130001006',6,1,1,2,1,'2022-05-28 20:26:12'),
(7,'TBC130001007',7,1,1,1,1,'2022-05-28 20:26:12'),
(8,'TBC130001008',8,1,1,2,1,'2022-05-28 20:26:12'),
(9,'TBC130001009',9,1,1,1,1,'2022-05-28 20:26:12'),
(10,'TBC130001010',10,1,1,2,1,'2022-05-28 20:26:12'),
(11,'TBC130001011',11,1,1,2,1,'2022-05-28 20:26:12'),
(12,'TBC130001012',12,1,1,1,1,'2022-05-28 20:26:12'),
(13,'TBC130001013',13,1,1,1,1,'2022-05-28 20:26:12'),
(14,'TBC130001014',14,1,1,2,1,'2022-05-28 20:26:12'),
(15,'TBC130001015',15,1,1,2,1,'2022-05-28 20:26:12'),
(16,'TBC130001016',16,1,1,1,1,'2022-05-28 20:26:12'),
(17,'TBC130001017',17,1,1,1,1,'2022-05-28 20:26:12'),
(18,'TBC130001018',18,1,1,1,1,'2022-05-28 20:26:12'),
(19,'TBC130001019',19,1,1,2,1,'2022-05-28 20:26:12'),
(20,'TBC130001020',20,1,1,2,1,'2022-05-28 20:26:12'),
(21,'TBC130001021',21,1,1,2,1,'2022-05-28 20:26:12'),
(22,'TBC130001022',22,1,1,1,1,'2022-05-28 20:26:12'),
(23,'TBC130001023',23,1,1,2,1,'2022-05-28 20:26:12'),
(24,'TBC130001024',24,1,1,2,1,'2022-05-28 20:26:12'),
(25,'TBC130001025',25,1,1,2,1,'2022-05-28 20:26:12'),
(26,'TBC130001026',26,1,1,1,1,'2022-05-28 20:26:12'),
(27,'TBC130002001',27,2,1,2,1,'2022-05-28 20:26:12'),
(28,'TBC130002002',28,2,1,2,1,'2022-05-28 20:26:12'),
(29,'TBC130002003',29,2,1,1,1,'2022-05-28 20:26:12'),
(30,'TBC130002004',30,2,1,1,1,'2022-05-28 20:26:12'),
(31,'TBC130002005',31,2,1,2,1,'2022-05-28 20:26:12'),
(32,'TBC130002006',32,2,1,1,1,'2022-05-28 20:26:12'),
(33,'TBC130002007',33,2,1,2,1,'2022-05-28 20:26:12'),
(34,'TBC130002008',34,2,1,2,1,'2022-05-28 20:26:12'),
(35,'TBC130002009',35,2,1,1,1,'2022-05-28 20:26:12'),
(36,'TBC130002010',36,2,1,2,1,'2022-05-28 20:26:12'),
(37,'TBC130002011',37,2,1,1,1,'2022-05-28 20:26:12'),
(38,'TBC130002012',38,2,1,1,1,'2022-05-28 20:26:12'),
(39,'TBC130002013',39,2,1,1,1,'2022-05-28 20:26:12'),
(40,'TBC130002014',40,2,1,1,1,'2022-05-28 20:26:12'),
(41,'TBC130002015',41,2,1,2,1,'2022-05-28 20:26:12'),
(42,'TBC130002016',42,2,1,2,1,'2022-05-28 20:26:12'),
(43,'TBC130003001',43,3,1,2,1,'2022-05-28 20:26:12'),
(44,'TBC130003002',44,3,1,1,1,'2022-05-28 20:26:12'),
(45,'TBC130003003',45,3,1,2,1,'2022-05-28 20:26:12'),
(46,'TBC130003004',46,3,1,1,1,'2022-05-28 20:26:12'),
(47,'TBC130003005',47,3,1,2,1,'2022-05-28 20:26:12'),
(48,'TBC130003006',48,3,1,2,1,'2022-05-28 20:26:12'),
(49,'TBC130003007',49,3,1,2,1,'2022-05-28 20:26:12'),
(50,'TBC130003008',50,3,1,1,1,'2022-05-28 20:26:12'),
(51,'TBC130003009',51,3,1,1,1,'2022-05-28 20:26:12'),
(52,'TBC130003010',52,3,1,2,1,'2022-05-28 20:26:12'),
(53,'TBC130003011',53,3,1,2,1,'2022-05-28 20:26:12'),
(54,'TBC130003012',54,3,1,2,1,'2022-05-28 20:26:12'),
(55,'TBC130003013',55,3,1,1,1,'2022-05-28 20:26:12'),
(56,'TBC130003014',56,3,1,1,1,'2022-05-28 20:26:12'),
(57,'TBC130003015',57,3,1,1,1,'2022-05-28 20:26:12'),
(58,'TBC130003016',58,3,1,2,1,'2022-05-28 20:26:12'),
(59,'TBC130003017',59,3,1,2,1,'2022-05-28 20:26:12'),
(60,'TBC130003018',60,3,1,2,1,'2022-05-28 20:26:12'),
(61,'TBC130003019',61,3,1,2,1,'2022-05-28 20:26:12'),
(62,'TBC130003020',62,3,1,2,1,'2022-05-28 20:26:12'),
(63,'TBC130004001',63,4,1,1,1,'2022-05-28 20:26:12'),
(64,'TBC130004002',64,4,1,1,1,'2022-05-28 20:26:12'),
(65,'TBC130004003',65,4,1,1,1,'2022-05-28 20:26:12'),
(66,'TBC130004004',66,4,1,1,1,'2022-05-28 20:26:12'),
(67,'TBC130004005',67,4,1,1,1,'2022-05-28 20:26:12'),
(68,'TBC130004006',68,4,1,2,1,'2022-05-28 20:26:12'),
(69,'TBC130004007',69,4,1,2,1,'2022-05-28 20:26:12'),
(70,'TBC130004008',70,4,1,1,1,'2022-05-28 20:26:12'),
(71,'TBC130004009',71,4,1,1,1,'2022-05-28 20:26:12'),
(72,'TBC130004010',72,4,1,1,1,'2022-05-28 20:26:12'),
(73,'TBC130004011',73,4,1,1,1,'2022-05-28 20:26:12'),
(74,'TBC130004012',74,4,1,2,1,'2022-05-28 20:26:12'),
(75,'TBC130004013',75,4,1,2,1,'2022-05-28 20:26:12'),
(76,'TBC130004014',76,4,1,2,1,'2022-05-28 20:26:12'),
(77,'TBC130005015',77,5,1,2,1,'2022-05-28 20:26:12'),
(78,'TBC130005016',78,5,1,1,1,'2022-05-28 20:26:12'),
(79,'TBC130005017',79,5,1,2,1,'2022-05-28 20:26:12'),
(80,'TBC130005018',80,5,1,2,1,'2022-05-28 20:26:12'),
(81,'TBC130005019',81,5,1,2,1,'2022-05-28 20:26:12'),
(82,'TBC130005020',82,5,1,1,1,'2022-05-28 20:26:12'),
(83,'TBC130005021',83,5,1,1,1,'2022-05-28 20:26:12'),
(84,'TBC130005022',84,5,1,1,1,'2022-05-28 20:26:12'),
(85,'TBC130005023',85,5,1,2,1,'2022-05-28 20:26:12'),
(86,'TBC130005024',86,5,1,1,1,'2022-05-28 20:26:12'),
(87,'TBC130005025',87,5,1,2,1,'2022-05-28 20:26:12'),
(88,'TBC130005026',88,5,1,2,1,'2022-05-28 20:26:12'),
(89,'TBC130005027',89,5,1,2,1,'2022-05-28 20:26:12'),
(90,'TBC130005028',90,5,1,2,1,'2022-05-28 20:26:12'),
(91,'TBC130005029',91,5,1,1,1,'2022-05-28 20:26:12'),
(92,'TBC130005030',92,5,1,2,1,'2022-05-28 20:26:12'),
(93,'TBC130005031',93,5,1,2,1,'2022-05-28 20:26:12'),
(94,'TBC130005032',94,5,1,1,1,'2022-05-28 20:26:12'),
(95,'TBC130005033',95,5,1,1,1,'2022-05-28 20:26:12'),
(96,'TBC130005034',96,5,1,2,1,'2022-05-28 20:26:12'),
(97,'TBC130005035',97,5,1,2,1,'2022-05-28 20:26:12'),
(98,'TBC130005036',98,5,1,2,1,'2022-05-28 20:26:12'),
(99,'TBC130005037',99,5,1,1,1,'2022-05-28 20:26:12'),
(100,'TBC130006001',100,6,1,1,1,'2022-05-28 20:26:12'),
(101,'TBC130006002',101,6,1,1,1,'2022-05-28 20:26:12'),
(102,'TBC130006003',102,6,1,2,1,'2022-05-28 20:26:12'),
(103,'TBC130006004',103,6,1,2,1,'2022-05-28 20:26:12'),
(104,'TBC130006005',104,6,1,2,1,'2022-05-28 20:26:12'),
(105,'TBC130006006',105,6,1,1,1,'2022-05-28 20:26:12'),
(106,'TBC130006007',106,6,1,1,1,'2022-05-28 20:26:12'),
(107,'TBC130006008',107,6,1,2,1,'2022-05-28 20:26:12'),
(108,'TBC130006009',108,6,1,1,1,'2022-05-28 20:26:12'),
(109,'TBC130006010',109,6,1,1,1,'2022-05-28 20:26:12'),
(110,'TBC130006011',110,6,1,1,1,'2022-05-28 20:26:12'),
(111,'TBC130006012',111,6,1,1,1,'2022-05-28 20:26:12'),
(112,'TBC130006013',112,6,1,1,1,'2022-05-28 20:26:12'),
(113,'TBC130006014',113,6,1,1,1,'2022-05-28 20:26:12'),
(114,'TBC130006015',114,6,1,2,1,'2022-05-28 20:26:12'),
(115,'TBC130006016',115,6,1,1,1,'2022-05-28 20:26:12'),
(116,'TBC130006017',116,6,1,1,1,'2022-05-28 20:26:12'),
(117,'TBC130006018',117,6,1,1,1,'2022-05-28 20:26:12'),
(118,'TBC130006019',118,6,1,2,1,'2022-05-28 20:26:12'),
(119,'TBC130006020',119,6,1,1,1,'2022-05-28 20:26:12'),
(120,'TBC130006021',120,6,1,1,1,'2022-05-28 20:26:12'),
(121,'TBC130006022',121,6,1,2,1,'2022-05-28 20:26:12'),
(122,'TBC130006023',122,6,1,1,1,'2022-05-28 20:26:12'),
(123,'TBC130006024',123,6,1,1,1,'2022-05-28 20:26:12'),
(124,'TBC130006025',124,6,1,1,1,'2022-05-28 20:26:12'),
(125,'TBC130006026',125,6,1,2,1,'2022-05-28 20:26:12'),
(126,'TBC130006027',126,6,1,1,1,'2022-05-28 20:26:12'),
(127,'TBC130006028',127,6,1,1,1,'2022-05-28 20:26:12'),
(128,'TBC130006029',128,6,1,1,1,'2022-05-28 20:26:12'),
(129,'TBC130006030',129,6,1,1,1,'2022-05-28 20:26:12'),
(130,'TBC130006031',130,6,1,1,1,'2022-05-28 20:26:12'),
(131,'TBC130006032',131,6,1,2,1,'2022-05-28 20:26:12'),
(132,'TBC130006033',132,6,1,2,1,'2022-05-28 20:26:12'),
(133,'TBC130006034',133,6,1,2,1,'2022-05-28 20:26:12'),
(134,'TBC130007001',134,7,1,1,1,'2022-05-28 20:26:12'),
(135,'TBC130007002',135,7,1,1,1,'2022-05-28 20:26:12'),
(136,'TBC130007003',136,7,1,1,1,'2022-05-28 20:26:12'),
(137,'TBC130007004',137,7,1,1,1,'2022-05-28 20:26:12'),
(138,'TBC130007005',138,7,1,1,1,'2022-05-28 20:26:12'),
(139,'TBC130007006',139,7,1,1,1,'2022-05-28 20:26:12'),
(140,'TBC130007007',140,7,1,1,1,'2022-05-28 20:26:12'),
(141,'TBC130007008',141,7,1,1,1,'2022-05-28 20:26:12'),
(142,'TBC130007009',142,7,1,2,1,'2022-05-28 20:26:12'),
(143,'TBC130007010',143,7,1,2,1,'2022-05-28 20:26:12'),
(144,'TBC130007011',144,7,1,2,1,'2022-05-28 20:26:12'),
(145,'TBC130007012',145,7,1,2,1,'2022-05-28 20:26:12'),
(146,'TBC130007013',146,7,1,1,1,'2022-05-28 20:26:12'),
(147,'TBC130007014',147,7,1,1,1,'2022-05-28 20:26:12'),
(148,'TBC130007015',148,7,1,1,1,'2022-05-28 20:26:12'),
(149,'TBC130007016',149,7,1,1,1,'2022-05-28 20:26:12'),
(150,'TBC130007017',150,7,1,1,1,'2022-05-28 20:26:12'),
(151,'TBC130007018',151,7,1,2,1,'2022-05-28 20:26:12'),
(152,'TBC130007019',152,7,1,1,1,'2022-05-28 20:26:12'),
(153,'TBC130007020',153,7,1,1,1,'2022-05-28 20:26:12'),
(154,'TBC130007021',154,7,1,2,1,'2022-05-28 20:26:12'),
(155,'TBC130007022',155,7,1,1,1,'2022-05-28 20:26:12'),
(156,'TBC130007023',156,7,1,2,1,'2022-05-28 20:26:12'),
(157,'TBC130007024',157,7,1,2,1,'2022-05-28 20:26:12'),
(158,'TBC130007025',158,7,1,2,1,'2022-05-28 20:26:12'),
(159,'TBC130007026',159,7,1,2,1,'2022-05-28 20:26:12'),
(160,'TBC130007027',160,7,1,2,1,'2022-05-28 20:26:12'),
(161,'TBC130007028',161,7,1,1,1,'2022-05-28 20:26:12'),
(162,'TBC130007029',162,7,1,1,1,'2022-05-28 20:26:12'),
(163,'TBC130008015',163,8,1,1,1,'2022-05-28 20:26:12'),
(164,'TBC130008016',164,8,1,1,1,'2022-05-28 20:26:12'),
(165,'TBC130008017',165,8,1,2,1,'2022-05-28 20:26:12'),
(166,'TBC130008018',166,8,1,1,1,'2022-05-28 20:26:12'),
(167,'TBC130008019',167,8,1,1,1,'2022-05-28 20:26:12'),
(168,'TBC130008020',168,8,1,2,1,'2022-05-28 20:26:12'),
(169,'TBC130008021',169,8,1,1,1,'2022-05-28 20:26:12'),
(170,'TBC130008022',170,8,1,1,1,'2022-05-28 20:26:12'),
(171,'TBC130008023',171,8,1,1,1,'2022-05-28 20:26:12'),
(172,'TBC130008024',172,8,1,2,1,'2022-05-28 20:26:12'),
(173,'TBC130008025',173,8,1,1,1,'2022-05-28 20:26:12'),
(174,'TBC130008026',174,8,1,2,1,'2022-05-28 20:26:12'),
(175,'TBC130008027',175,8,1,2,1,'2022-05-28 20:26:12'),
(176,'TBC130008028',176,8,1,2,1,'2022-05-28 20:26:12'),
(177,'TBC130008029',177,8,1,1,1,'2022-05-28 20:26:12'),
(178,'TBC130008030',178,8,1,2,1,'2022-05-28 20:26:12'),
(179,'TBC130008031',179,8,1,1,1,'2022-05-28 20:26:12'),
(180,'TBC130008032',180,8,1,1,1,'2022-05-28 20:26:12'),
(181,'TBC130008033',181,8,1,2,1,'2022-05-28 20:26:12'),
(182,'TBC130008034',182,8,1,1,1,'2022-05-28 20:26:12'),
(183,'TBC130008035',183,8,1,1,1,'2022-05-28 20:26:12'),
(184,'TBC130008036',184,8,1,2,1,'2022-05-28 20:26:12'),
(185,'TBC130008037',185,8,1,2,1,'2022-05-28 20:26:12'),
(186,'TBC130008038',186,8,1,2,1,'2022-05-28 20:26:12'),
(187,'TBC130008039',187,8,1,2,1,'2022-05-28 20:26:12'),
(188,'TBC130008040',188,8,1,1,1,'2022-05-28 20:26:12'),
(189,'TBC130008041',189,8,1,2,1,'2022-05-28 20:26:12'),
(190,'TBC130008042',190,8,1,1,1,'2022-05-28 20:26:12'),
(191,'TBC130008043',191,8,1,1,1,'2022-05-28 20:26:12'),
(192,'TBC130008044',192,8,1,2,1,'2022-05-28 20:26:12'),
(193,'TBC130008045',193,8,1,2,1,'2022-05-28 20:26:12'),
(194,'TBC130008046',194,8,1,2,1,'2022-05-28 20:26:12'),
(195,'TBC130008047',195,8,1,1,1,'2022-05-28 20:26:12'),
(196,'TBC130008048',196,8,1,2,1,'2022-05-28 20:26:12'),
(197,'TBC130008049',197,8,1,2,1,'2022-05-28 20:26:12'),
(198,'TBC130008050',198,8,1,2,1,'2022-05-28 20:26:12'),
(199,'TBC130008051',199,8,1,2,1,'2022-05-28 20:26:12'),
(200,'TBC130008052',200,8,1,2,1,'2022-05-28 20:26:12');

/*Table structure for table `calificaciones` */

DROP TABLE IF EXISTS `calificaciones`;

CREATE TABLE `calificaciones` (
  `id_calificacion` int(11) NOT NULL AUTO_INCREMENT,
  `id_estudiante` int(11) DEFAULT NULL,
  `id_materia` int(11) DEFAULT NULL,
  `calificacion1` float DEFAULT NULL,
  `calificacion2` float DEFAULT NULL,
  `calificacion3` float DEFAULT NULL,
  `promedio` float DEFAULT NULL,
  `fecha_guardo` datetime DEFAULT current_timestamp(),
  `activo` tinyint(4) DEFAULT 1,
  PRIMARY KEY (`id_calificacion`),
  KEY `id_estudiante` (`id_estudiante`),
  KEY `id_materia` (`id_materia`),
  CONSTRAINT `calificaciones_ibfk_1` FOREIGN KEY (`id_estudiante`) REFERENCES `alumnos_tbc` (`id_alumno_tbc`),
  CONSTRAINT `calificaciones_ibfk_2` FOREIGN KEY (`id_materia`) REFERENCES `materias` (`id_materia`)
) ENGINE=InnoDB AUTO_INCREMENT=6 DEFAULT CHARSET=utf8 COLLATE=utf8_spanish_ci;

/*Data for the table `calificaciones` */

insert  into `calificaciones`(`id_calificacion`,`id_estudiante`,`id_materia`,`calificacion1`,`calificacion2`,`calificacion3`,`promedio`,`fecha_guardo`,`activo`) values 
(1,16,3,10,50,100,53.3,'0000-00-00 00:00:00',1),
(2,15,1,10,10,8,9.3,'0000-00-00 00:00:00',1),
(3,16,3,10,10,8,9.3,'0000-00-00 00:00:00',1),
(4,14,3,10,20,10,13.3,'0000-00-00 00:00:00',1),
(5,18,5,50,100,40,63.3,'0000-00-00 00:00:00',1);

/*Table structure for table `cat_alumnos_activos` */

DROP TABLE IF EXISTS `cat_alumnos_activos`;

CREATE TABLE `cat_alumnos_activos` (
  `id_alumnos_activos` int(11) NOT NULL AUTO_INCREMENT,
  `desc_alumnos_activos` varchar(20) COLLATE utf8_spanish_ci DEFAULT NULL,
  `activo` tinyint(4) DEFAULT 1,
  PRIMARY KEY (`id_alumnos_activos`)
) ENGINE=InnoDB AUTO_INCREMENT=3 DEFAULT CHARSET=utf8 COLLATE=utf8_spanish_ci;

/*Data for the table `cat_alumnos_activos` */

insert  into `cat_alumnos_activos`(`id_alumnos_activos`,`desc_alumnos_activos`,`activo`) values 
(1,'Alumno Activo\r\n',1),
(2,'Alumno Inactivo',1);

/*Table structure for table `cat_estados` */

DROP TABLE IF EXISTS `cat_estados`;

CREATE TABLE `cat_estados` (
  `id_edo` int(11) NOT NULL,
  `nombre_edo` varchar(100) COLLATE utf8_spanish_ci DEFAULT NULL,
  `abrevia` varchar(20) COLLATE utf8_spanish_ci DEFAULT NULL,
  `activo` tinyint(4) DEFAULT 1,
  PRIMARY KEY (`id_edo`),
  UNIQUE KEY `Unique_catalog_key` (`abrevia`)
) ENGINE=InnoDB DEFAULT CHARSET=utf8 COLLATE=utf8_spanish_ci;

/*Data for the table `cat_estados` */

insert  into `cat_estados`(`id_edo`,`nombre_edo`,`abrevia`,`activo`) values 
(0,'NO ESPECIFICADO','NE',1),
(1,'AGUASCALIENTES','AS',1),
(2,'BAJA CALIFORNIA','BC',1),
(3,'BAJA CALIFORNIA SUR','BS',1),
(4,'CAMPECHE','CC',1),
(5,'COAHUILA DE ZARAGOZA','CL',1),
(6,'COLIMA','CM',1),
(7,'CHIAPAS','CS',1),
(8,'CHIHUAHUA','CH',1),
(9,'CIUDAD DE MÉXICO','DF',1),
(10,'DURANGO','DG',1),
(11,'GUANAJUATO','GT',1),
(12,'GUERRERO','GR',1),
(13,'HIDALGO','HG',1),
(14,'JALISCO','JC',1),
(15,'MÉXICO','MC',1),
(16,'MICHOACÁN DE OCAMPO','MN',1),
(17,'MORELOS','MS',1),
(18,'NAYARIT','NT',1),
(19,'NUEVO LEÓN','NL',1),
(20,'OAXACA','OC',1),
(21,'PUEBLA','PL',1),
(22,'QUERÉTARO','QT',1),
(23,'QUINTANA ROO','QR',1),
(24,'SAN LUIS POTOSÍ','SP',1),
(25,'SINALOA','SL',1),
(26,'SONORA','SR',1),
(27,'TABASCO','TC',1),
(28,'TAMAULIPAS','TS',1),
(29,'TLAXCALA','TL',1),
(30,'VERACRUZ DE IGNACIO DE LA LLAVE','VZ',1),
(31,'YUCATÁN','YN',1),
(32,'ZACATECAS','ZS',1);

/*Table structure for table `cat_genero` */

DROP TABLE IF EXISTS `cat_genero`;

CREATE TABLE `cat_genero` (
  `id_genero` int(11) NOT NULL AUTO_INCREMENT,
  `desc_genero` varchar(10) COLLATE utf8_spanish_ci DEFAULT NULL,
  `abrev_genero` char(1) COLLATE utf8_spanish_ci DEFAULT NULL,
  `activo` tinyint(4) DEFAULT 1,
  PRIMARY KEY (`id_genero`)
) ENGINE=InnoDB AUTO_INCREMENT=3 DEFAULT CHARSET=utf8 COLLATE=utf8_spanish_ci;

/*Data for the table `cat_genero` */

insert  into `cat_genero`(`id_genero`,`desc_genero`,`abrev_genero`,`activo`) values 
(1,'Hombre','H',1),
(2,'Mujer','M',1);

/*Table structure for table `cat_municipios` */

DROP TABLE IF EXISTS `cat_municipios`;

CREATE TABLE `cat_municipios` (
  `id_mpo` int(11) NOT NULL,
  `id_edo` int(11) DEFAULT NULL,
  `nombre_mpo` varchar(255) COLLATE utf8_spanish_ci DEFAULT NULL,
  `clave_mpo` char(3) COLLATE utf8_spanish_ci DEFAULT NULL,
  `activo` tinyint(4) DEFAULT 1,
  PRIMARY KEY (`id_mpo`),
  KEY `fk_cat_municipios_id_estado` (`id_edo`),
  CONSTRAINT `fk_cat_municipios_id_estado` FOREIGN KEY (`id_edo`) REFERENCES `cat_estados` (`id_edo`)
) ENGINE=InnoDB DEFAULT CHARSET=utf8 COLLATE=utf8_spanish_ci;

/*Data for the table `cat_municipios` */

insert  into `cat_municipios`(`id_mpo`,`id_edo`,`nombre_mpo`,`clave_mpo`,`activo`) values 
(1,1,'AGUASCALIENTES','001',1),
(2,1,'ASIENTOS','002',1),
(3,1,'CALVILLO','003',1),
(4,1,'COSÍO','004',1),
(5,1,'JESÚS MARÍA','005',1),
(6,1,'PABELLÓN DE ARTEAGA','006',1),
(7,1,'RINCÓN DE ROMOS','007',1),
(8,1,'SAN JOSÉ DE GRACIA','008',1),
(9,1,'TEPEZALÁ','009',1),
(10,1,'EL LLANO','010',1),
(11,1,'SAN FRANCISCO DE LOS ROMO','011',1),
(12,1,'NO ESPECIFICADO','999',1),
(13,2,'ENSENADA','001',1),
(14,2,'MEXICALI','002',1),
(15,2,'TECATE','003',1),
(16,2,'TIJUANA','004',1),
(17,2,'PLAYAS DE ROSARITO','005',1),
(18,2,'NO ESPECIFICADO','999',1),
(19,3,'COMONDÚ','001',1),
(20,3,'MULEGÉ','002',1),
(21,3,'LA PAZ','003',1),
(22,3,'LOS CABOS','008',1),
(23,3,'LORETO','009',1),
(24,3,'NO ESPECIFICADO','999',1),
(25,4,'CALKINÍ','001',1),
(26,4,'CAMPECHE','002',1),
(27,4,'CARMEN','003',1),
(28,4,'CHAMPOTÓN','004',1),
(29,4,'HECELCHAKÁN','005',1),
(30,4,'HOPELCHÉN','006',1),
(31,4,'PALIZADA','007',1),
(32,4,'TENABO','008',1),
(33,4,'ESCÁRCEGA','009',1),
(34,4,'CALAKMUL','010',1),
(35,4,'CANDELARIA','011',1),
(36,4,'NO ESPECIFICADO','999',1),
(37,5,'ABASOLO','001',1),
(38,5,'ACUÑA','002',1),
(39,5,'ALLENDE','003',1),
(40,5,'ARTEAGA','004',1),
(41,5,'CANDELA','005',1),
(42,5,'CASTAÑOS','006',1),
(43,5,'CUATRO CIÉNEGAS','007',1),
(44,5,'ESCOBEDO','008',1),
(45,5,'FRANCISCO I. MADERO','009',1),
(46,5,'FRONTERA','010',1),
(47,5,'GENERAL CEPEDA','011',1),
(48,5,'GUERRERO','012',1),
(49,5,'HIDALGO','013',1),
(50,5,'JIMÉNEZ','014',1),
(51,5,'JUÁREZ','015',1),
(52,5,'LAMADRID','016',1),
(53,5,'MATAMOROS','017',1),
(54,5,'MONCLOVA','018',1),
(55,5,'MORELOS','019',1),
(56,5,'MÚZQUIZ','020',1),
(57,5,'NADADORES','021',1),
(58,5,'NAVA','022',1),
(59,5,'OCAMPO','023',1),
(60,5,'PARRAS','024',1),
(61,5,'PIEDRAS NEGRAS','025',1),
(62,5,'PROGRESO','026',1),
(63,5,'RAMOS ARIZPE','027',1),
(64,5,'SABINAS','028',1),
(65,5,'SACRAMENTO','029',1),
(66,5,'SALTILLO','030',1),
(67,5,'SAN BUENAVENTURA','031',1),
(68,5,'SAN JUAN DE SABINAS','032',1),
(69,5,'SAN PEDRO','033',1),
(70,5,'SIERRA MOJADA','034',1),
(71,5,'TORREÓN','035',1),
(72,5,'VIESCA','036',1),
(73,5,'VILLA UNIÓN','037',1),
(74,5,'ZARAGOZA','038',1),
(75,5,'NO ESPECIFICADO','999',1),
(76,6,'ARMERÍA','001',1),
(77,6,'COLIMA','002',1),
(78,6,'COMALA','003',1),
(79,6,'COQUIMATLÁN','004',1),
(80,6,'CUAUHTÉMOC','005',1),
(81,6,'IXTLAHUACÁN','006',1),
(82,6,'MANZANILLO','007',1),
(83,6,'MINATITLÁN','008',1),
(84,6,'TECOMÁN','009',1),
(85,6,'VILLA DE ÁLVAREZ','010',1),
(86,6,'NO ESPECIFICADO','999',1),
(87,7,'ACACOYAGUA','001',1),
(88,7,'ACALA','002',1),
(89,7,'ACAPETAHUA','003',1),
(90,7,'ALTAMIRANO','004',1),
(91,7,'AMATÁN','005',1),
(92,7,'AMATENANGO DE LA FRONTERA','006',1),
(93,7,'AMATENANGO DEL VALLE','007',1),
(94,7,'ANGEL ALBINO CORZO','008',1),
(95,7,'ARRIAGA','009',1),
(96,7,'BEJUCAL DE OCAMPO','010',1),
(97,7,'BELLA VISTA','011',1),
(98,7,'BERRIOZÁBAL','012',1),
(99,7,'BOCHIL','013',1),
(100,7,'EL BOSQUE','014',1),
(101,7,'CACAHOATÁN','015',1),
(102,7,'CATAZAJÁ','016',1),
(103,7,'CINTALAPA','017',1),
(104,7,'COAPILLA','018',1),
(105,7,'COMITÁN DE DOMÍNGUEZ','019',1),
(106,7,'LA CONCORDIA','020',1),
(107,7,'COPAINALÁ','021',1),
(108,7,'CHALCHIHUITÁN','022',1),
(109,7,'CHAMULA','023',1),
(110,7,'CHANAL','024',1),
(111,7,'CHAPULTENANGO','025',1),
(112,7,'CHENALHÓ','026',1),
(113,7,'CHIAPA DE CORZO','027',1),
(114,7,'CHIAPILLA','028',1),
(115,7,'CHICOASÉN','029',1),
(116,7,'CHICOMUSELO','030',1),
(117,7,'CHILÓN','031',1),
(118,7,'ESCUINTLA','032',1),
(119,7,'FRANCISCO LEÓN','033',1),
(120,7,'FRONTERA COMALAPA','034',1),
(121,7,'FRONTERA HIDALGO','035',1),
(122,7,'LA GRANDEZA','036',1),
(123,7,'HUEHUETÁN','037',1),
(124,7,'HUIXTÁN','038',1),
(125,7,'HUITIUPÁN','039',1),
(126,7,'HUIXTLA','040',1),
(127,7,'LA INDEPENDENCIA','041',1),
(128,7,'IXHUATÁN','042',1),
(129,7,'IXTACOMITÁN','043',1),
(130,7,'IXTAPA','044',1),
(131,7,'IXTAPANGAJOYA','045',1),
(132,7,'JIQUIPILAS','046',1),
(133,7,'JITOTOL','047',1),
(134,7,'JUÁREZ','048',1),
(135,7,'LARRÁINZAR','049',1),
(136,7,'LA LIBERTAD','050',1),
(137,7,'MAPASTEPEC','051',1),
(138,7,'LAS MARGARITAS','052',1),
(139,7,'MAZAPA DE MADERO','053',1),
(140,7,'MAZATÁN','054',1),
(141,7,'METAPA','055',1),
(142,7,'MITONTIC','056',1),
(143,7,'MOTOZINTLA','057',1),
(144,7,'NICOLÁS RUÍZ','058',1),
(145,7,'OCOSINGO','059',1),
(146,7,'OCOTEPEC','060',1),
(147,7,'OCOZOCOAUTLA DE ESPINOSA','061',1),
(148,7,'OSTUACÁN','062',1),
(149,7,'OSUMACINTA','063',1),
(150,7,'OXCHUC','064',1),
(151,7,'PALENQUE','065',1),
(152,7,'PANTELHÓ','066',1),
(153,7,'PANTEPEC','067',1),
(154,7,'PICHUCALCO','068',1),
(155,7,'PIJIJIAPAN','069',1),
(156,7,'EL PORVENIR','070',1),
(157,7,'VILLA COMALTITLÁN','071',1),
(158,7,'PUEBLO NUEVO SOLISTAHUACÁN','072',1),
(159,7,'RAYÓN','073',1),
(160,7,'REFORMA','074',1),
(161,7,'LAS ROSAS','075',1),
(162,7,'SABANILLA','076',1),
(163,7,'SALTO DE AGUA','077',1),
(164,7,'SAN CRISTÓBAL DE LAS CASAS','078',1),
(165,7,'SAN FERNANDO','079',1),
(166,7,'SILTEPEC','080',1),
(167,7,'SIMOJOVEL','081',1),
(168,7,'SITALÁ','082',1),
(169,7,'SOCOLTENANGO','083',1),
(170,7,'SOLOSUCHIAPA','084',1),
(171,7,'SOYALÓ','085',1),
(172,7,'SUCHIAPA','086',1),
(173,7,'SUCHIATE','087',1),
(174,7,'SUNUAPA','088',1),
(175,7,'TAPACHULA','089',1),
(176,7,'TAPALAPA','090',1),
(177,7,'TAPILULA','091',1),
(178,7,'TECPATÁN','092',1),
(179,7,'TENEJAPA','093',1),
(180,7,'TEOPISCA','094',1),
(181,7,'TILA','096',1),
(182,7,'TONALÁ','097',1),
(183,7,'TOTOLAPA','098',1),
(184,7,'LA TRINITARIA','099',1),
(185,7,'TUMBALÁ','100',1),
(186,7,'TUXTLA GUTIÉRREZ','101',1),
(187,7,'TUXTLA CHICO','102',1),
(188,7,'TUZANTÁN','103',1),
(189,7,'TZIMOL','104',1),
(190,7,'UNIÓN JUÁREZ','105',1),
(191,7,'VENUSTIANO CARRANZA','106',1),
(192,7,'VILLA CORZO','107',1),
(193,7,'VILLAFLORES','108',1),
(194,7,'YAJALÓN','109',1),
(195,7,'SAN LUCAS','110',1),
(196,7,'ZINACANTÁN','111',1),
(197,7,'SAN JUAN CANCUC','112',1),
(198,7,'ALDAMA','113',1),
(199,7,'BENEMÉRITO DE LAS AMÉRICAS','114',1),
(200,7,'MARAVILLA TENEJAPA','115',1),
(201,7,'MARQUÉS DE COMILLAS','116',1),
(202,7,'MONTECRISTO DE GUERRERO','117',1),
(203,7,'SAN ANDRÉS DURAZNAL','118',1),
(204,7,'SANTIAGO EL PINAR','119',1),
(205,7,'NO ESPECIFICADO','999',1),
(206,8,'AHUMADA','001',1),
(207,8,'ALDAMA','002',1),
(208,8,'ALLENDE','003',1),
(209,8,'AQUILES SERDÁN','004',1),
(210,8,'ASCENSIÓN','005',1),
(211,8,'BACHÍNIVA','006',1),
(212,8,'BALLEZA','007',1),
(213,8,'BATOPILAS','008',1),
(214,8,'BOCOYNA','009',1),
(215,8,'BUENAVENTURA','010',1),
(216,8,'CAMARGO','011',1),
(217,8,'CARICHÍ','012',1),
(218,8,'CASAS GRANDES','013',1),
(219,8,'CORONADO','014',1),
(220,8,'COYAME DEL SOTOL','015',1),
(221,8,'LA CRUZ','016',1),
(222,8,'CUAUHTÉMOC','017',1),
(223,8,'CUSIHUIRIACHI','018',1),
(224,8,'CHIHUAHUA','019',1),
(225,8,'CHÍNIPAS','020',1),
(226,8,'DELICIAS','021',1),
(227,8,'DR. BELISARIO DOMÍNGUEZ','022',1),
(228,8,'GALEANA','023',1),
(229,8,'SANTA ISABEL','024',1),
(230,8,'GÓMEZ FARÍAS','025',1),
(231,8,'GRAN MORELOS','026',1),
(232,8,'GUACHOCHI','027',1),
(233,8,'GUADALUPE','028',1),
(234,8,'GUADALUPE Y CALVO','029',1),
(235,8,'GUAZAPARES','030',1),
(236,8,'GUERRERO','031',1),
(237,8,'HIDALGO DEL PARRAL','032',1),
(238,8,'HUEJOTITÁN','033',1),
(239,8,'IGNACIO ZARAGOZA','034',1),
(240,8,'JANOS','035',1),
(241,8,'JIMÉNEZ','036',1),
(242,8,'JUÁREZ','037',1),
(243,8,'JULIMES','038',1),
(244,8,'LÓPEZ','039',1),
(245,8,'MADERA','040',1),
(246,8,'MAGUARICHI','041',1),
(247,8,'MANUEL BENAVIDES','042',1),
(248,8,'MATACHÍ','043',1),
(249,8,'MATAMOROS','044',1),
(250,8,'MEOQUI','045',1),
(251,8,'MORELOS','046',1),
(252,8,'MORIS','047',1),
(253,8,'NAMIQUIPA','048',1),
(254,8,'NONOAVA','049',1),
(255,8,'NUEVO CASAS GRANDES','050',1),
(256,8,'OCAMPO','051',1),
(257,8,'OJINAGA','052',1),
(258,8,'PRAXEDIS G. GUERRERO','053',1),
(259,8,'RIVA PALACIO','054',1),
(260,8,'ROSALES','055',1),
(261,8,'ROSARIO','056',1),
(262,8,'SAN FRANCISCO DE BORJA','057',1),
(263,8,'SAN FRANCISCO DE CONCHOS','058',1),
(264,8,'SAN FRANCISCO DEL ORO','059',1),
(265,8,'SANTA BÁRBARA','060',1),
(266,8,'SATEVÓ','061',1),
(267,8,'SAUCILLO','062',1),
(268,8,'TEMÓSACHIC','063',1),
(269,8,'EL TULE','064',1),
(270,8,'URIQUE','065',1),
(271,8,'URUACHI','066',1),
(272,8,'VALLE DE ZARAGOZA','067',1),
(273,8,'NO ESPECIFICADO','999',1),
(274,9,'AZCAPOTZALCO','002',1),
(275,9,'COYOACÁN','003',1),
(276,9,'CUAJIMALPA DE MORELOS','004',1),
(277,9,'GUSTAVO A. MADERO','005',1),
(278,9,'IZTACALCO','006',1),
(279,9,'IZTAPALAPA','007',1),
(280,9,'LA MAGDALENA CONTRERAS','008',1),
(281,9,'MILPA ALTA','009',1),
(282,9,'ÁLVARO OBREGÓN','010',1),
(283,9,'TLÁHUAC','011',1),
(284,9,'TLALPAN','012',1),
(285,9,'XOCHIMILCO','013',1),
(286,9,'BENITO JUÁREZ','014',1),
(287,9,'CUAUHTÉMOC','015',1),
(288,9,'MIGUEL HIDALGO','016',1),
(289,9,'VENUSTIANO CARRANZA','017',1),
(290,9,'NO ESPECIFICADO','999',1),
(291,10,'CANATLÁN','001',1),
(292,10,'CANELAS','002',1),
(293,10,'CONETO DE COMONFORT','003',1),
(294,10,'CUENCAMÉ','004',1),
(295,10,'DURANGO','005',1),
(296,10,'GENERAL SIMÓN BOLÍVAR','006',1),
(297,10,'GÓMEZ PALACIO','007',1),
(298,10,'GUADALUPE VICTORIA','008',1),
(299,10,'GUANACEVÍ','009',1),
(300,10,'HIDALGO','010',1),
(301,10,'INDÉ','011',1),
(302,10,'LERDO','012',1),
(303,10,'MAPIMÍ','013',1),
(304,10,'MEZQUITAL','014',1),
(305,10,'NAZAS','015',1),
(306,10,'NOMBRE DE DIOS','016',1),
(307,10,'OCAMPO','017',1),
(308,10,'EL ORO','018',1),
(309,10,'OTÁEZ','019',1),
(310,10,'PÁNUCO DE CORONADO','020',1),
(311,10,'PEÑÓN BLANCO','021',1),
(312,10,'POANAS','022',1),
(313,10,'PUEBLO NUEVO','023',1),
(314,10,'RODEO','024',1),
(315,10,'SAN BERNARDO','025',1),
(316,10,'SAN DIMAS','026',1),
(317,10,'SAN JUAN DE GUADALUPE','027',1),
(318,10,'SAN JUAN DEL RÍO','028',1),
(319,10,'SAN LUIS DEL CORDERO','029',1),
(320,10,'SAN PEDRO DEL GALLO','030',1),
(321,10,'SANTA CLARA','031',1),
(322,10,'SANTIAGO PAPASQUIARO','032',1),
(323,10,'SÚCHIL','033',1),
(324,10,'TAMAZULA','034',1),
(325,10,'TEPEHUANES','035',1),
(326,10,'TLAHUALILO','036',1),
(327,10,'TOPIA','037',1),
(328,10,'VICENTE GUERRERO','038',1),
(329,10,'NUEVO IDEAL','039',1),
(330,10,'NO ESPECIFICADO','999',1),
(331,11,'ABASOLO','001',1),
(332,11,'ACÁMBARO','002',1),
(333,11,'SAN MIGUEL DE ALLENDE','003',1),
(334,11,'APASEO EL ALTO','004',1),
(335,11,'APASEO EL GRANDE','005',1),
(336,11,'ATARJEA','006',1),
(337,11,'CELAYA','007',1),
(338,11,'MANUEL DOBLADO','008',1),
(339,11,'COMONFORT','009',1),
(340,11,'CORONEO','010',1),
(341,11,'CORTAZAR','011',1),
(342,11,'CUERÁMARO','012',1),
(343,11,'DOCTOR MORA','013',1),
(344,11,'DOLORES HIDALGO CIN','014',1),
(345,11,'GUANAJUATO','015',1),
(346,11,'HUANÍMARO','016',1),
(347,11,'IRAPUATO','017',1),
(348,11,'JARAL DEL PROGRESO','018',1),
(349,11,'JERÉCUARO','019',1),
(350,11,'LEÓN','020',1),
(351,11,'MOROLEÓN','021',1),
(352,11,'OCAMPO','022',1),
(353,11,'PÉNJAMO','023',1),
(354,11,'PUEBLO NUEVO','024',1),
(355,11,'PURÍSIMA DEL RINCÓN','025',1),
(356,11,'ROMITA','026',1),
(357,11,'SALAMANCA','027',1),
(358,11,'SALVATIERRA','028',1),
(359,11,'SAN DIEGO DE LA UNIÓN','029',1),
(360,11,'SAN FELIPE','030',1),
(361,11,'SAN FRANCISCO DEL RINCÓN','031',1),
(362,11,'SAN JOSÉ ITURBIDE','032',1),
(363,11,'SAN LUIS DE LA PAZ','033',1),
(364,11,'SANTA CATARINA','034',1),
(365,11,'SANTA CRUZ DE JUVENTINO ROSAS','035',1),
(366,11,'SANTIAGO MARAVATÍO','036',1),
(367,11,'SILAO','037',1),
(368,11,'TARANDACUAO','038',1),
(369,11,'TARIMORO','039',1),
(370,11,'TIERRA BLANCA','040',1),
(371,11,'URIANGATO','041',1),
(372,11,'VALLE DE SANTIAGO','042',1),
(373,11,'VICTORIA','043',1),
(374,11,'VILLAGRÁN','044',1),
(375,11,'XICHÚ','045',1),
(376,11,'YURIRIA','046',1),
(377,11,'NO ESPECIFICADO','999',1),
(378,12,'ACAPULCO DE JUÁREZ','001',1),
(379,12,'AHUACUOTZINGO','002',1),
(380,12,'AJUCHITLÁN DEL PROGRESO','003',1),
(381,12,'ALCOZAUCA DE GUERRERO','004',1),
(382,12,'ALPOYECA','005',1),
(383,12,'APAXTLA','006',1),
(384,12,'ARCELIA','007',1),
(385,12,'ATENANGO DEL RÍO','008',1),
(386,12,'ATLAMAJALCINGO DEL MONTE','009',1),
(387,12,'ATLIXTAC','010',1),
(388,12,'ATOYAC DE ÁLVAREZ','011',1),
(389,12,'AYUTLA DE LOS LIBRES','012',1),
(390,12,'AZOYÚ','013',1),
(391,12,'BENITO JUÁREZ','014',1),
(392,12,'BUENAVISTA DE CUÉLLAR','015',1),
(393,12,'COAHUAYUTLA DE JOSÉ MARÍA IZAZAGA','016',1),
(394,12,'COCULA','017',1),
(395,12,'COPALA','018',1),
(396,12,'COPALILLO','019',1),
(397,12,'COPANATOYAC','020',1),
(398,12,'COYUCA DE BENÍTEZ','021',1),
(399,12,'COYUCA DE CATALÁN','022',1),
(400,12,'CUAJINICUILAPA','023',1),
(401,12,'CUALÁC','024',1),
(402,12,'CUAUTEPEC','025',1),
(403,12,'CUETZALA DEL PROGRESO','026',1),
(404,12,'CUTZAMALA DE PINZÓN','027',1),
(405,12,'CHILAPA DE ÁLVAREZ','028',1),
(406,12,'CHILPANCINGO DE LOS BRAVO','029',1),
(407,12,'FLORENCIO VILLARREAL','030',1),
(408,12,'GENERAL CANUTO A. NERI','031',1),
(409,12,'GENERAL HELIODORO CASTILLO','032',1),
(410,12,'HUAMUXTITLÁN','033',1),
(411,12,'HUITZUCO DE LOS FIGUEROA','034',1),
(412,12,'IGUALA DE LA INDEPENDENCIA','035',1),
(413,12,'IGUALAPA','036',1),
(414,12,'IXCATEOPAN DE CUAUHTÉMOC','037',1),
(415,12,'ZIHUATANEJO DE AZUETA','038',1),
(416,12,'JUAN R. ESCUDERO','039',1),
(417,12,'LEONARDO BRAVO','040',1),
(418,12,'MALINALTEPEC','041',1),
(419,12,'MÁRTIR DE CUILAPAN','042',1),
(420,12,'METLATÓNOC','043',1),
(421,12,'MOCHITLÁN','044',1),
(422,12,'OLINALÁ','045',1),
(423,12,'OMETEPEC','046',1),
(424,12,'PEDRO ASCENCIO ALQUISIRAS','047',1),
(425,12,'PETATLÁN','048',1),
(426,12,'PILCAYA','049',1),
(427,12,'PUNGARABATO','050',1),
(428,12,'QUECHULTENANGO','051',1),
(429,12,'SAN LUIS ACATLÁN','052',1),
(430,12,'SAN MARCOS','053',1),
(431,12,'SAN MIGUEL TOTOLAPAN','054',1),
(432,12,'TAXCO DE ALARCÓN','055',1),
(433,12,'TECOANAPA','056',1),
(434,12,'TÉCPAN DE GALEANA','057',1),
(435,12,'TELOLOAPAN','058',1),
(436,12,'TEPECOACUILCO DE TRUJANO','059',1),
(437,12,'TETIPAC','060',1),
(438,12,'TIXTLA DE GUERRERO','061',1),
(439,12,'TLACOACHISTLAHUACA','062',1),
(440,12,'TLACOAPA','063',1),
(441,12,'TLALCHAPA','064',1),
(442,12,'TLALIXTAQUILLA DE MALDONADO','065',1),
(443,12,'TLAPA DE COMONFORT','066',1),
(444,12,'TLAPEHUALA','067',1),
(445,12,'LA UNIÓN DE ISIDORO MONTES DE OCA','068',1),
(446,12,'XALPATLÁHUAC','069',1),
(447,12,'XOCHIHUEHUETLÁN','070',1),
(448,12,'XOCHISTLAHUACA','071',1),
(449,12,'ZAPOTITLÁN TABLAS','072',1),
(450,12,'ZIRÁNDARO','073',1),
(451,12,'ZITLALA','074',1),
(452,12,'EDUARDO NERI','075',1),
(453,12,'ACATEPEC','076',1),
(454,12,'MARQUELIA','077',1),
(455,12,'COCHOAPA EL GRANDE','078',1),
(456,12,'JOSÉ JOAQUÍN DE HERRERA','079',1),
(457,12,'JUCHITÁN','080',1),
(458,12,'ILIATENCO','081',1),
(459,12,'NO ESPECIFICADO','999',1),
(460,13,'ACATLÁN','001',1),
(461,13,'ACAXOCHITLÁN','002',1),
(462,13,'ACTOPAN','003',1),
(463,13,'AGUA BLANCA DE ITURBIDE','004',1),
(464,13,'AJACUBA','005',1),
(465,13,'ALFAJAYUCAN','006',1),
(466,13,'ALMOLOYA','007',1),
(467,13,'APAN','008',1),
(468,13,'EL ARENAL','009',1),
(469,13,'ATITALAQUIA','010',1),
(470,13,'ATLAPEXCO','011',1),
(471,13,'ATOTONILCO EL GRANDE','012',1),
(472,13,'ATOTONILCO DE TULA','013',1),
(473,13,'CALNALI','014',1),
(474,13,'CARDONAL','015',1),
(475,13,'CUAUTEPEC DE HINOJOSA','016',1),
(476,13,'CHAPANTONGO','017',1),
(477,13,'CHAPULHUACÁN','018',1),
(478,13,'CHILCUAUTLA','019',1),
(479,13,'ELOXOCHITLÁN','020',1),
(480,13,'EMILIANO ZAPATA','021',1),
(481,13,'EPAZOYUCAN','022',1),
(482,13,'FRANCISCO I. MADERO','023',1),
(483,13,'HUASCA DE OCAMPO','024',1),
(484,13,'HUAUTLA','025',1),
(485,13,'HUAZALINGO','026',1),
(486,13,'HUEHUETLA','027',1),
(487,13,'HUEJUTLA DE REYES','028',1),
(488,13,'HUICHAPAN','029',1),
(489,13,'IXMIQUILPAN','030',1),
(490,13,'JACALA DE LEDEZMA','031',1),
(491,13,'JALTOCÁN','032',1),
(492,13,'JUÁREZ HIDALGO','033',1),
(493,13,'LOLOTLA','034',1),
(494,13,'METEPEC','035',1),
(495,13,'SAN AGUSTÍN METZQUITITLÁN','036',1),
(496,13,'METZTITLÁN','037',1),
(497,13,'MINERAL DEL CHICO','038',1),
(498,13,'MINERAL DEL MONTE','039',1),
(499,13,'LA MISIÓN','040',1),
(500,13,'MIXQUIAHUALA DE JUÁREZ','041',1),
(501,13,'MOLANGO DE ESCAMILLA','042',1),
(502,13,'NICOLÁS FLORES','043',1),
(503,13,'NOPALA DE VILLAGRÁN','044',1),
(504,13,'OMITLÁN DE JUÁREZ','045',1),
(505,13,'SAN FELIPE ORIZATLÁN','046',1),
(506,13,'PACULA','047',1),
(507,13,'PACHUCA DE SOTO','048',1),
(508,13,'PISAFLORES','049',1),
(509,13,'PROGRESO DE OBREGÓN','050',1),
(510,13,'MINERAL DE LA REFORMA','051',1),
(511,13,'SAN AGUSTÍN TLAXIACA','052',1),
(512,13,'SAN BARTOLO TUTOTEPEC','053',1),
(513,13,'SAN SALVADOR','054',1),
(514,13,'SANTIAGO DE ANAYA','055',1),
(515,13,'SANTIAGO TULANTEPEC DE LUGO GUERRERO','056',1),
(516,13,'SINGUILUCAN','057',1),
(517,13,'TASQUILLO','058',1),
(518,13,'TECOZAUTLA','059',1),
(519,13,'TENANGO DE DORIA','060',1),
(520,13,'TEPEAPULCO','061',1),
(521,13,'TEPEHUACÁN DE GUERRERO','062',1),
(522,13,'TEPEJI DEL RÍO DE OCAMPO','063',1),
(523,13,'TEPETITLÁN','064',1),
(524,13,'TETEPANGO','065',1),
(525,13,'VILLA DE TEZONTEPEC','066',1),
(526,13,'TEZONTEPEC DE ALDAMA','067',1),
(527,13,'TIANGUISTENGO','068',1),
(528,13,'TIZAYUCA','069',1),
(529,13,'TLAHUELILPAN','070',1),
(530,13,'TLAHUILTEPA','071',1),
(531,13,'TLANALAPA','072',1),
(532,13,'TLANCHINOL','073',1),
(533,13,'TLAXCOAPAN','074',1),
(534,13,'TOLCAYUCA','075',1),
(535,13,'TULA DE ALLENDE','076',1),
(536,13,'TULANCINGO DE BRAVO','077',1),
(537,13,'XOCHIATIPAN','078',1),
(538,13,'XOCHICOATLÁN','079',1),
(539,13,'YAHUALICA','080',1),
(540,13,'ZACUALTIPÁN DE ÁNGELES','081',1),
(541,13,'ZAPOTLÁN DE JUÁREZ','082',1),
(542,13,'ZEMPOALA','083',1),
(543,13,'ZIMAPÁN','084',1),
(544,13,'NO ESPECIFICADO','999',1),
(545,14,'ACATIC','001',1),
(546,14,'ACATLÁN DE JUÁREZ','002',1),
(547,14,'AHUALULCO DE MERCADO','003',1),
(548,14,'AMACUECA','004',1),
(549,14,'AMATITÁN','005',1),
(550,14,'AMECA','006',1),
(551,14,'SAN JUANITO DE ESCOBEDO','007',1),
(552,14,'ARANDAS','008',1),
(553,14,'EL ARENAL','009',1),
(554,14,'ATEMAJAC DE BRIZUELA','010',1),
(555,14,'ATENGO','011',1),
(556,14,'ATENGUILLO','012',1),
(557,14,'ATOTONILCO EL ALTO','013',1),
(558,14,'ATOYAC','014',1),
(559,14,'AUTLÁN DE NAVARRO','015',1),
(560,14,'AYOTLÁN','016',1),
(561,14,'AYUTLA','017',1),
(562,14,'LA BARCA','018',1),
(563,14,'BOLAÑOS','019',1),
(564,14,'CABO CORRIENTES','020',1),
(565,14,'CASIMIRO CASTILLO','021',1),
(566,14,'CIHUATLÁN','022',1),
(567,14,'ZAPOTLÁN EL GRANDE','023',1),
(568,14,'COCULA','024',1),
(569,14,'COLOTLÁN','025',1),
(570,14,'CONCEPCIÓN DE BUENOS AIRES','026',1),
(571,14,'CUAUTITLÁN DE GARCÍA BARRAGÁN','027',1),
(572,14,'CUAUTLA','028',1),
(573,14,'CUQUÍO','029',1),
(574,14,'CHAPALA','030',1),
(575,14,'CHIMALTITÁN','031',1),
(576,14,'CHIQUILISTLÁN','032',1),
(577,14,'DEGOLLADO','033',1),
(578,14,'EJUTLA','034',1),
(579,14,'ENCARNACIÓN DE DÍAZ','035',1),
(580,14,'ETZATLÁN','036',1),
(581,14,'EL GRULLO','037',1),
(582,14,'GUACHINANGO','038',1),
(583,14,'GUADALAJARA','039',1),
(584,14,'HOSTOTIPAQUILLO','040',1),
(585,14,'HUEJÚCAR','041',1),
(586,14,'HUEJUQUILLA EL ALTO','042',1),
(587,14,'LA HUERTA','043',1),
(588,14,'IXTLAHUACÁN DE LOS MEMBRILLOS','044',1),
(589,14,'IXTLAHUACÁN DEL RÍO','045',1),
(590,14,'JALOSTOTITLÁN','046',1),
(591,14,'JAMAY','047',1),
(592,14,'JESÚS MARÍA','048',1),
(593,14,'JILOTLÁN DE LOS DOLORES','049',1),
(594,14,'JOCOTEPEC','050',1),
(595,14,'JUANACATLÁN','051',1),
(596,14,'JUCHITLÁN','052',1),
(597,14,'LAGOS DE MORENO','053',1),
(598,14,'EL LIMÓN','054',1),
(599,14,'MAGDALENA','055',1),
(600,14,'SANTA MARÍA DEL ORO','056',1),
(601,14,'LA MANZANILLA DE LA PAZ','057',1),
(602,14,'MASCOTA','058',1),
(603,14,'MAZAMITLA','059',1),
(604,14,'MEXTICACÁN','060',1),
(605,14,'MEZQUITIC','061',1),
(606,14,'MIXTLÁN','062',1),
(607,14,'OCOTLÁN','063',1),
(608,14,'OJUELOS DE JALISCO','064',1),
(609,14,'PIHUAMO','065',1),
(610,14,'PONCITLÁN','066',1),
(611,14,'PUERTO VALLARTA','067',1),
(612,14,'VILLA PURIFICACIÓN','068',1),
(613,14,'QUITUPAN','069',1),
(614,14,'EL SALTO','070',1),
(615,14,'SAN CRISTÓBAL DE LA BARRANCA','071',1),
(616,14,'SAN DIEGO DE ALEJANDRÍA','072',1),
(617,14,'SAN JUAN DE LOS LAGOS','073',1),
(618,14,'SAN JULIÁN','074',1),
(619,14,'SAN MARCOS','075',1),
(620,14,'SAN MARTÍN DE BOLAÑOS','076',1),
(621,14,'SAN MARTÍN HIDALGO','077',1),
(622,14,'SAN MIGUEL EL ALTO','078',1),
(623,14,'GÓMEZ FARÍAS','079',1),
(624,14,'SAN SEBASTIÁN DEL OESTE','080',1),
(625,14,'SANTA MARÍA DE LOS ÁNGELES','081',1),
(626,14,'SAYULA','082',1),
(627,14,'TALA','083',1),
(628,14,'TALPA DE ALLENDE','084',1),
(629,14,'TAMAZULA DE GORDIANO','085',1),
(630,14,'TAPALPA','086',1),
(631,14,'TECALITLÁN','087',1),
(632,14,'TECOLOTLÁN','088',1),
(633,14,'TECHALUTA DE MONTENEGRO','089',1),
(634,14,'TENAMAXTLÁN','090',1),
(635,14,'TEOCALTICHE','091',1),
(636,14,'TEOCUITATLÁN DE CORONA','092',1),
(637,14,'TEPATITLÁN DE MORELOS','093',1),
(638,14,'TEQUILA','094',1),
(639,14,'TEUCHITLÁN','095',1),
(640,14,'TIZAPÁN EL ALTO','096',1),
(641,14,'TLAJOMULCO DE ZÚÑIGA','097',1),
(642,14,'SAN PEDRO TLAQUEPAQUE','098',1),
(643,14,'TOLIMÁN','099',1),
(644,14,'TOMATLÁN','100',1),
(645,14,'TONALÁ','101',1),
(646,14,'TONAYA','102',1),
(647,14,'TONILA','103',1),
(648,14,'TOTATICHE','104',1),
(649,14,'TOTOTLÁN','105',1),
(650,14,'TUXCACUESCO','106',1),
(651,14,'TUXCUECA','107',1),
(652,14,'TUXPAN','108',1),
(653,14,'UNIÓN DE SAN ANTONIO','109',1),
(654,14,'UNIÓN DE TULA','110',1),
(655,14,'VALLE DE GUADALUPE','111',1),
(656,14,'VALLE DE JUÁREZ','112',1),
(657,14,'SAN GABRIEL','113',1),
(658,14,'VILLA CORONA','114',1),
(659,14,'VILLA GUERRERO','115',1),
(660,14,'VILLA HIDALGO','116',1),
(661,14,'CAÑADAS DE OBREGÓN','117',1),
(662,14,'YAHUALICA DE GONZÁLEZ GALLO','118',1),
(663,14,'ZACOALCO DE TORRES','119',1),
(664,14,'ZAPOPAN','120',1),
(665,14,'ZAPOTILTIC','121',1),
(666,14,'ZAPOTITLÁN DE VADILLO','122',1),
(667,14,'ZAPOTLÁN DEL REY','123',1),
(668,14,'ZAPOTLANEJO','124',1),
(669,14,'SAN IGNACIO CERRO GORDO','125',1),
(670,14,'NO ESPECIFICADO','999',1),
(671,15,'ACAMBAY','001',1),
(672,15,'ACOLMAN','002',1),
(673,15,'ACULCO','003',1),
(674,15,'ALMOLOYA DE ALQUISIRAS','004',1),
(675,15,'ALMOLOYA DE JUÁREZ','005',1),
(676,15,'ALMOLOYA DEL RÍO','006',1),
(677,15,'AMANALCO','007',1),
(678,15,'AMATEPEC','008',1),
(679,15,'AMECAMECA','009',1),
(680,15,'APAXCO','010',1),
(681,15,'ATENCO','011',1),
(682,15,'ATIZAPÁN','012',1),
(683,15,'ATIZAPÁN DE ZARAGOZA','013',1),
(684,15,'ATLACOMULCO','014',1),
(685,15,'ATLAUTLA','015',1),
(686,15,'AXAPUSCO','016',1),
(687,15,'AYAPANGO','017',1),
(688,15,'CALIMAYA','018',1),
(689,15,'CAPULHUAC','019',1),
(690,15,'COACALCO DE BERRIOZÁBAL','020',1),
(691,15,'COATEPEC HARINAS','021',1),
(692,15,'COCOTITLÁN','022',1),
(693,15,'COYOTEPEC','023',1),
(694,15,'CUAUTITLÁN','024',1),
(695,15,'CHALCO','025',1),
(696,15,'CHAPA DE MOTA','026',1),
(697,15,'CHAPULTEPEC','027',1),
(698,15,'CHIAUTLA','028',1),
(699,15,'CHICOLOAPAN','029',1),
(700,15,'CHICONCUAC','030',1),
(701,15,'CHIMALHUACÁN','031',1),
(702,15,'DONATO GUERRA','032',1),
(703,15,'ECATEPEC DE MORELOS','033',1),
(704,15,'ECATZINGO','034',1),
(705,15,'HUEHUETOCA','035',1),
(706,15,'HUEYPOXTLA','036',1),
(707,15,'HUIXQUILUCAN','037',1),
(708,15,'ISIDRO FABELA','038',1),
(709,15,'IXTAPALUCA','039',1),
(710,15,'IXTAPAN DE LA SAL','040',1),
(711,15,'IXTAPAN DEL ORO','041',1),
(712,15,'IXTLAHUACA','042',1),
(713,15,'XALATLACO','043',1),
(714,15,'JALTENCO','044',1),
(715,15,'JILOTEPEC','045',1),
(716,15,'JILOTZINGO','046',1),
(717,15,'JIQUIPILCO','047',1),
(718,15,'JOCOTITLÁN','048',1),
(719,15,'JOQUICINGO','049',1),
(720,15,'JUCHITEPEC','050',1),
(721,15,'LERMA','051',1),
(722,15,'MALINALCO','052',1),
(723,15,'MELCHOR OCAMPO','053',1),
(724,15,'METEPEC','054',1),
(725,15,'MEXICALTZINGO','055',1),
(726,15,'MORELOS','056',1),
(727,15,'NAUCALPAN DE JUÁREZ','057',1),
(728,15,'NEZAHUALCÓYOTL','058',1),
(729,15,'NEXTLALPAN','059',1),
(730,15,'NICOLÁS ROMERO','060',1),
(731,15,'NOPALTEPEC','061',1),
(732,15,'OCOYOACAC','062',1),
(733,15,'OCUILAN','063',1),
(734,15,'EL ORO','064',1),
(735,15,'OTUMBA','065',1),
(736,15,'OTZOLOAPAN','066',1),
(737,15,'OTZOLOTEPEC','067',1),
(738,15,'OZUMBA','068',1),
(739,15,'PAPALOTLA','069',1),
(740,15,'LA PAZ','070',1),
(741,15,'POLOTITLÁN','071',1),
(742,15,'RAYÓN','072',1),
(743,15,'SAN ANTONIO LA ISLA','073',1),
(744,15,'SAN FELIPE DEL PROGRESO','074',1),
(745,15,'SAN MARTÍN DE LAS PIRÁMIDES','075',1),
(746,15,'SAN MATEO ATENCO','076',1),
(747,15,'SAN SIMÓN DE GUERRERO','077',1),
(748,15,'SANTO TOMÁS','078',1),
(749,15,'SOYANIQUILPAN DE JUÁREZ','079',1),
(750,15,'SULTEPEC','080',1),
(751,15,'TECÁMAC','081',1),
(752,15,'TEJUPILCO','082',1),
(753,15,'TEMAMATLA','083',1),
(754,15,'TEMASCALAPA','084',1),
(755,15,'TEMASCALCINGO','085',1),
(756,15,'TEMASCALTEPEC','086',1),
(757,15,'TEMOAYA','087',1),
(758,15,'TENANCINGO','088',1),
(759,15,'TENANGO DEL AIRE','089',1),
(760,15,'TENANGO DEL VALLE','090',1),
(761,15,'TEOLOYUCAN','091',1),
(762,15,'TEOTIHUACÁN','092',1),
(763,15,'TEPETLAOXTOC','093',1),
(764,15,'TEPETLIXPA','094',1),
(765,15,'TEPOTZOTLÁN','095',1),
(766,15,'TEQUIXQUIAC','096',1),
(767,15,'TEXCALTITLÁN','097',1),
(768,15,'TEXCALYACAC','098',1),
(769,15,'TEXCOCO','099',1),
(770,15,'TEZOYUCA','100',1),
(771,15,'TIANGUISTENCO','101',1),
(772,15,'TIMILPAN','102',1),
(773,15,'TLALMANALCO','103',1),
(774,15,'TLALNEPANTLA DE BAZ','104',1),
(775,15,'TLATLAYA','105',1),
(776,15,'TOLUCA','106',1),
(777,15,'TONATICO','107',1),
(778,15,'TULTEPEC','108',1),
(779,15,'TULTITLÁN','109',1),
(780,15,'VALLE DE BRAVO','110',1),
(781,15,'VILLA DE ALLENDE','111',1),
(782,15,'VILLA DEL CARBÓN','112',1),
(783,15,'VILLA GUERRERO','113',1),
(784,15,'VILLA VICTORIA','114',1),
(785,15,'XONACATLÁN','115',1),
(786,15,'ZACAZONAPAN','116',1),
(787,15,'ZACUALPAN','117',1),
(788,15,'ZINACANTEPEC','118',1),
(789,15,'ZUMPAHUACÁN','119',1),
(790,15,'ZUMPANGO','120',1),
(791,15,'CUAUTITLÁN IZCALLI','121',1),
(792,15,'VALLE DE CHALCO SOLIDARIDAD','122',1),
(793,15,'LUVIANOS','123',1),
(794,15,'SAN JOSÉ DEL RINCÓN','124',1),
(795,15,'TONANITLA','125',1),
(796,15,'NO ESPECIFICADO','999',1),
(797,16,'ACUITZIO','001',1),
(798,16,'AGUILILLA','002',1),
(799,16,'ÁLVARO OBREGÓN','003',1),
(800,16,'ANGAMACUTIRO','004',1),
(801,16,'ANGANGUEO','005',1),
(802,16,'APATZINGÁN','006',1),
(803,16,'APORO','007',1),
(804,16,'AQUILA','008',1),
(805,16,'ARIO','009',1),
(806,16,'ARTEAGA','010',1),
(807,16,'BRISEÑAS','011',1),
(808,16,'BUENAVISTA','012',1),
(809,16,'CARÁCUARO','013',1),
(810,16,'COAHUAYANA','014',1),
(811,16,'COALCOMÁN DE VÁZQUEZ PALLARES','015',1),
(812,16,'COENEO','016',1),
(813,16,'CONTEPEC','017',1),
(814,16,'COPÁNDARO','018',1),
(815,16,'COTIJA','019',1),
(816,16,'CUITZEO','020',1),
(817,16,'CHARAPAN','021',1),
(818,16,'CHARO','022',1),
(819,16,'CHAVINDA','023',1),
(820,16,'CHERÁN','024',1),
(821,16,'CHILCHOTA','025',1),
(822,16,'CHINICUILA','026',1),
(823,16,'CHUCÁNDIRO','027',1),
(824,16,'CHURINTZIO','028',1),
(825,16,'CHURUMUCO','029',1),
(826,16,'ECUANDUREO','030',1),
(827,16,'EPITACIO HUERTA','031',1),
(828,16,'ERONGARÍCUARO','032',1),
(829,16,'GABRIEL ZAMORA','033',1),
(830,16,'HIDALGO','034',1),
(831,16,'LA HUACANA','035',1),
(832,16,'HUANDACAREO','036',1),
(833,16,'HUANIQUEO','037',1),
(834,16,'HUETAMO','038',1),
(835,16,'HUIRAMBA','039',1),
(836,16,'INDAPARAPEO','040',1),
(837,16,'IRIMBO','041',1),
(838,16,'IXTLÁN','042',1),
(839,16,'JACONA','043',1),
(840,16,'JIMÉNEZ','044',1),
(841,16,'JIQUILPAN','045',1),
(842,16,'JUÁREZ','046',1),
(843,16,'JUNGAPEO','047',1),
(844,16,'LAGUNILLAS','048',1),
(845,16,'MADERO','049',1),
(846,16,'MARAVATÍO','050',1),
(847,16,'MARCOS CASTELLANOS','051',1),
(848,16,'LÁZARO CÁRDENAS','052',1),
(849,16,'MORELIA','053',1),
(850,16,'MORELOS','054',1),
(851,16,'MÚGICA','055',1),
(852,16,'NAHUATZEN','056',1),
(853,16,'NOCUPÉTARO','057',1),
(854,16,'NUEVO PARANGARICUTIRO','058',1),
(855,16,'NUEVO URECHO','059',1),
(856,16,'NUMARÁN','060',1),
(857,16,'OCAMPO','061',1),
(858,16,'PAJACUARÁN','062',1),
(859,16,'PANINDÍCUARO','063',1),
(860,16,'PARÁCUARO','064',1),
(861,16,'PARACHO','065',1),
(862,16,'PÁTZCUARO','066',1),
(863,16,'PENJAMILLO','067',1),
(864,16,'PERIBÁN','068',1),
(865,16,'LA PIEDAD','069',1),
(866,16,'PURÉPERO','070',1),
(867,16,'PURUÁNDIRO','071',1),
(868,16,'QUERÉNDARO','072',1),
(869,16,'QUIROGA','073',1),
(870,16,'COJUMATLÁN DE RÉGULES','074',1),
(871,16,'LOS REYES','075',1),
(872,16,'SAHUAYO','076',1),
(873,16,'SAN LUCAS','077',1),
(874,16,'SANTA ANA MAYA','078',1),
(875,16,'SALVADOR ESCALANTE','079',1),
(876,16,'SENGUIO','080',1),
(877,16,'SUSUPUATO','081',1),
(878,16,'TACÁMBARO','082',1),
(879,16,'TANCÍTARO','083',1),
(880,16,'TANGAMANDAPIO','084',1),
(881,16,'TANGANCÍCUARO','085',1),
(882,16,'TANHUATO','086',1),
(883,16,'TARETAN','087',1),
(884,16,'TARÍMBARO','088',1),
(885,16,'TEPALCATEPEC','089',1),
(886,16,'TINGAMBATO','090',1),
(887,16,'TINGÜINDÍN','091',1),
(888,16,'TIQUICHEO DE NICOLÁS ROMERO','092',1),
(889,16,'TLALPUJAHUA','093',1),
(890,16,'TLAZAZALCA','094',1),
(891,16,'TOCUMBO','095',1),
(892,16,'TUMBISCATÍO','096',1),
(893,16,'TURICATO','097',1),
(894,16,'TUXPAN','098',1),
(895,16,'TUZANTLA','099',1),
(896,16,'TZINTZUNTZAN','100',1),
(897,16,'TZITZIO','101',1),
(898,16,'URUAPAN','102',1),
(899,16,'VENUSTIANO CARRANZA','103',1),
(900,16,'VILLAMAR','104',1),
(901,16,'VISTA HERMOSA','105',1),
(902,16,'YURÉCUARO','106',1),
(903,16,'ZACAPU','107',1),
(904,16,'ZAMORA','108',1),
(905,16,'ZINÁPARO','109',1),
(906,16,'ZINAPÉCUARO','110',1),
(907,16,'ZIRACUARETIRO','111',1),
(908,16,'ZITÁCUARO','112',1),
(909,16,'JOSÉ SIXTO VERDUZCO','113',1),
(910,16,'NO ESPECIFICADO','999',1),
(911,17,'AMACUZAC','001',1),
(912,17,'ATLATLAHUCAN','002',1),
(913,17,'AXOCHIAPAN','003',1),
(914,17,'AYALA','004',1),
(915,17,'COATLÁN DEL RÍO','005',1),
(916,17,'CUAUTLA','006',1),
(917,17,'CUERNAVACA','007',1),
(918,17,'EMILIANO ZAPATA','008',1),
(919,17,'HUITZILAC','009',1),
(920,17,'JANTETELCO','010',1),
(921,17,'JIUTEPEC','011',1),
(922,17,'JOJUTLA','012',1),
(923,17,'JONACATEPEC','013',1),
(924,17,'MAZATEPEC','014',1),
(925,17,'MIACATLÁN','015',1),
(926,17,'OCUITUCO','016',1),
(927,17,'PUENTE DE IXTLA','017',1),
(928,17,'TEMIXCO','018',1),
(929,17,'TEPALCINGO','019',1),
(930,17,'TEPOZTLÁN','020',1),
(931,17,'TETECALA','021',1),
(932,17,'TETELA DEL VOLCÁN','022',1),
(933,17,'TLALNEPANTLA','023',1),
(934,17,'TLALTIZAPÁN DE ZAPATA','024',1),
(935,17,'TLAQUILTENANGO','025',1),
(936,17,'TLAYACAPAN','026',1),
(937,17,'TOTOLAPAN','027',1),
(938,17,'XOCHITEPEC','028',1),
(939,17,'YAUTEPEC','029',1),
(940,17,'YECAPIXTLA','030',1),
(941,17,'ZACATEPEC','031',1),
(942,17,'ZACUALPAN','032',1),
(943,17,'TEMOAC','033',1),
(944,17,'NO ESPECIFICADO','999',1),
(945,18,'ACAPONETA','001',1),
(946,18,'AHUACATLÁN','002',1),
(947,18,'AMATLÁN DE CAÑAS','003',1),
(948,18,'COMPOSTELA','004',1),
(949,18,'HUAJICORI','005',1),
(950,18,'IXTLÁN DEL RÍO','006',1),
(951,18,'JALA','007',1),
(952,18,'XALISCO','008',1),
(953,18,'DEL NAYAR','009',1),
(954,18,'ROSAMORADA','010',1),
(955,18,'RUÍZ','011',1),
(956,18,'SAN BLAS','012',1),
(957,18,'SAN PEDRO LAGUNILLAS','013',1),
(958,18,'SANTA MARÍA DEL ORO','014',1),
(959,18,'SANTIAGO IXCUINTLA','015',1),
(960,18,'TECUALA','016',1),
(961,18,'TEPIC','017',1),
(962,18,'TUXPAN','018',1),
(963,18,'LA YESCA','019',1),
(964,18,'BAHÍA DE BANDERAS','020',1),
(965,18,'NO ESPECIFICADO','999',1),
(966,19,'ABASOLO','001',1),
(967,19,'AGUALEGUAS','002',1),
(968,19,'LOS ALDAMAS','003',1),
(969,19,'ALLENDE','004',1),
(970,19,'ANÁHUAC','005',1),
(971,19,'APODACA','006',1),
(972,19,'ARAMBERRI','007',1),
(973,19,'BUSTAMANTE','008',1),
(974,19,'CADEREYTA JIMÉNEZ','009',1),
(975,19,'EL CARMEN','010',1),
(976,19,'CERRALVO','011',1),
(977,19,'CIÉNEGA DE FLORES','012',1),
(978,19,'CHINA','013',1),
(979,19,'DOCTOR ARROYO','014',1),
(980,19,'DOCTOR COSS','015',1),
(981,19,'DOCTOR GONZÁLEZ','016',1),
(982,19,'GALEANA','017',1),
(983,19,'GARCÍA','018',1),
(984,19,'SAN PEDRO GARZA GARCÍA','019',1),
(985,19,'GENERAL BRAVO','020',1),
(986,19,'GENERAL ESCOBEDO','021',1),
(987,19,'GENERAL TERÁN','022',1),
(988,19,'GENERAL TREVIÑO','023',1),
(989,19,'GENERAL ZARAGOZA','024',1),
(990,19,'GENERAL ZUAZUA','025',1),
(991,19,'GUADALUPE','026',1),
(992,19,'LOS HERRERAS','027',1),
(993,19,'HIGUERAS','028',1),
(994,19,'HUALAHUISES','029',1),
(995,19,'ITURBIDE','030',1),
(996,19,'JUÁREZ','031',1),
(997,19,'LAMPAZOS DE NARANJO','032',1),
(998,19,'LINARES','033',1),
(999,19,'MARÍN','034',1),
(1000,19,'MELCHOR OCAMPO','035',1),
(1001,19,'MIER Y NORIEGA','036',1),
(1002,19,'MINA','037',1),
(1003,19,'MONTEMORELOS','038',1),
(1004,19,'MONTERREY','039',1),
(1005,19,'PARÁS','040',1),
(1006,19,'PESQUERÍA','041',1),
(1007,19,'LOS RAMONES','042',1),
(1008,19,'RAYONES','043',1),
(1009,19,'SABINAS HIDALGO','044',1),
(1010,19,'SALINAS VICTORIA','045',1),
(1011,19,'SAN NICOLÁS DE LOS GARZA','046',1),
(1012,19,'HIDALGO','047',1),
(1013,19,'SANTA CATARINA','048',1),
(1014,19,'SANTIAGO','049',1),
(1015,19,'VALLECILLO','050',1),
(1016,19,'VILLALDAMA','051',1),
(1017,19,'NO ESPECIFICADO','999',1),
(1018,20,'ABEJONES','001',1),
(1019,20,'ACATLÁN DE PÉREZ FIGUEROA','002',1),
(1020,20,'ASUNCIÓN CACALOTEPEC','003',1),
(1021,20,'ASUNCIÓN CUYOTEPEJI','004',1),
(1022,20,'ASUNCIÓN IXTALTEPEC','005',1),
(1023,20,'ASUNCIÓN NOCHIXTLÁN','006',1),
(1024,20,'ASUNCIÓN OCOTLÁN','007',1),
(1025,20,'ASUNCIÓN TLACOLULITA','008',1),
(1026,20,'AYOTZINTEPEC','009',1),
(1027,20,'EL BARRIO DE LA SOLEDAD','010',1),
(1028,20,'CALIHUALÁ','011',1),
(1029,20,'CANDELARIA LOXICHA','012',1),
(1030,20,'CIÉNEGA DE ZIMATLÁN','013',1),
(1031,20,'CIUDAD IXTEPEC','014',1),
(1032,20,'COATECAS ALTAS','015',1),
(1033,20,'COICOYÁN DE LAS FLORES','016',1),
(1034,20,'LA COMPAÑÍA','017',1),
(1035,20,'CONCEPCIÓN BUENAVISTA','018',1),
(1036,20,'CONCEPCIÓN PÁPALO','019',1),
(1037,20,'CONSTANCIA DEL ROSARIO','020',1),
(1038,20,'COSOLAPA','021',1),
(1039,20,'COSOLTEPEC','022',1),
(1040,20,'CUILÁPAM DE GUERRERO','023',1),
(1041,20,'CUYAMECALCO VILLA DE ZARAGOZA','024',1),
(1042,20,'CHAHUITES','025',1),
(1043,20,'CHALCATONGO DE HIDALGO','026',1),
(1044,20,'CHIQUIHUITLÁN DE BENITO JUÁREZ','027',1),
(1045,20,'HEROICA CIUDAD DE EJUTLA DE CRESPO','028',1),
(1046,20,'ELOXOCHITLÁN DE FLORES MAGÓN','029',1),
(1047,20,'EL ESPINAL','030',1),
(1048,20,'TAMAZULÁPAM DEL ESPÍRITU SANTO','031',1),
(1049,20,'FRESNILLO DE TRUJANO','032',1),
(1050,20,'GUADALUPE ETLA','033',1),
(1051,20,'GUADALUPE DE RAMÍREZ','034',1),
(1052,20,'GUELATAO DE JUÁREZ','035',1),
(1053,20,'GUEVEA DE HUMBOLDT','036',1),
(1054,20,'MESONES HIDALGO','037',1),
(1055,20,'VILLA HIDALGO','038',1),
(1056,20,'HEROICA CIUDAD DE HUAJUAPAN DE LEÓN','039',1),
(1057,20,'HUAUTEPEC','040',1),
(1058,20,'HUAUTLA DE JIMÉNEZ','041',1),
(1059,20,'IXTLÁN DE JUÁREZ','042',1),
(1060,20,'HEROICA CIUDAD DE JUCHITÁN DE ZARAGOZA','043',1),
(1061,20,'LOMA BONITA','044',1),
(1062,20,'MAGDALENA APASCO','045',1),
(1063,20,'MAGDALENA JALTEPEC','046',1),
(1064,20,'SANTA MAGDALENA JICOTLÁN','047',1),
(1065,20,'MAGDALENA MIXTEPEC','048',1),
(1066,20,'MAGDALENA OCOTLÁN','049',1),
(1067,20,'MAGDALENA PEÑASCO','050',1),
(1068,20,'MAGDALENA TEITIPAC','051',1),
(1069,20,'MAGDALENA TEQUISISTLÁN','052',1),
(1070,20,'MAGDALENA TLACOTEPEC','053',1),
(1071,20,'MAGDALENA ZAHUATLÁN','054',1),
(1072,20,'MARISCALA DE JUÁREZ','055',1),
(1073,20,'MÁRTIRES DE TACUBAYA','056',1),
(1074,20,'MATÍAS ROMERO AVENDAÑO','057',1),
(1075,20,'MAZATLÁN VILLA DE FLORES','058',1),
(1076,20,'MIAHUATLÁN DE PORFIRIO DÍAZ','059',1),
(1077,20,'MIXISTLÁN DE LA REFORMA','060',1),
(1078,20,'MONJAS','061',1),
(1079,20,'NATIVIDAD','062',1),
(1080,20,'NAZARENO ETLA','063',1),
(1081,20,'NEJAPA DE MADERO','064',1),
(1082,20,'IXPANTEPEC NIEVES','065',1),
(1083,20,'SANTIAGO NILTEPEC','066',1),
(1084,20,'OAXACA DE JUÁREZ','067',1),
(1085,20,'OCOTLÁN DE MORELOS','068',1),
(1086,20,'LA PE','069',1),
(1087,20,'PINOTEPA DE DON LUIS','070',1),
(1088,20,'PLUMA HIDALGO','071',1),
(1089,20,'SAN JOSÉ DEL PROGRESO','072',1),
(1090,20,'PUTLA VILLA DE GUERRERO','073',1),
(1091,20,'SANTA CATARINA QUIOQUITANI','074',1),
(1092,20,'REFORMA DE PINEDA','075',1),
(1093,20,'LA REFORMA','076',1),
(1094,20,'REYES ETLA','077',1),
(1095,20,'ROJAS DE CUAUHTÉMOC','078',1),
(1096,20,'SALINA CRUZ','079',1),
(1097,20,'SAN AGUSTÍN AMATENGO','080',1),
(1098,20,'SAN AGUSTÍN ATENANGO','081',1),
(1099,20,'SAN AGUSTÍN CHAYUCO','082',1),
(1100,20,'SAN AGUSTÍN DE LAS JUNTAS','083',1),
(1101,20,'SAN AGUSTÍN ETLA','084',1),
(1102,20,'SAN AGUSTÍN LOXICHA','085',1),
(1103,20,'SAN AGUSTÍN TLACOTEPEC','086',1),
(1104,20,'SAN AGUSTÍN YATARENI','087',1),
(1105,20,'SAN ANDRÉS CABECERA NUEVA','088',1),
(1106,20,'SAN ANDRÉS DINICUITI','089',1),
(1107,20,'SAN ANDRÉS HUAXPALTEPEC','090',1),
(1108,20,'SAN ANDRÉS HUAYÁPAM','091',1),
(1109,20,'SAN ANDRÉS IXTLAHUACA','092',1),
(1110,20,'SAN ANDRÉS LAGUNAS','093',1),
(1111,20,'SAN ANDRÉS NUXIÑO','094',1),
(1112,20,'SAN ANDRÉS PAXTLÁN','095',1),
(1113,20,'SAN ANDRÉS SINAXTLA','096',1),
(1114,20,'SAN ANDRÉS SOLAGA','097',1),
(1115,20,'SAN ANDRÉS TEOTILÁLPAM','098',1),
(1116,20,'SAN ANDRÉS TEPETLAPA','099',1),
(1117,20,'SAN ANDRÉS YAÁ','100',1),
(1118,20,'SAN ANDRÉS ZABACHE','101',1),
(1119,20,'SAN ANDRÉS ZAUTLA','102',1),
(1120,20,'SAN ANTONINO CASTILLO VELASCO','103',1),
(1121,20,'SAN ANTONINO EL ALTO','104',1),
(1122,20,'SAN ANTONINO MONTE VERDE','105',1),
(1123,20,'SAN ANTONIO ACUTLA','106',1),
(1124,20,'SAN ANTONIO DE LA CAL','107',1),
(1125,20,'SAN ANTONIO HUITEPEC','108',1),
(1126,20,'SAN ANTONIO NANAHUATÍPAM','109',1),
(1127,20,'SAN ANTONIO SINICAHUA','110',1),
(1128,20,'SAN ANTONIO TEPETLAPA','111',1),
(1129,20,'SAN BALTAZAR CHICHICÁPAM','112',1),
(1130,20,'SAN BALTAZAR LOXICHA','113',1),
(1131,20,'SAN BALTAZAR YATZACHI EL BAJO','114',1),
(1132,20,'SAN BARTOLO COYOTEPEC','115',1),
(1133,20,'SAN BARTOLOMÉ AYAUTLA','116',1),
(1134,20,'SAN BARTOLOMÉ LOXICHA','117',1),
(1135,20,'SAN BARTOLOMÉ QUIALANA','118',1),
(1136,20,'SAN BARTOLOMÉ YUCUAÑE','119',1),
(1137,20,'SAN BARTOLOMÉ ZOOGOCHO','120',1),
(1138,20,'SAN BARTOLO SOYALTEPEC','121',1),
(1139,20,'SAN BARTOLO YAUTEPEC','122',1),
(1140,20,'SAN BERNARDO MIXTEPEC','123',1),
(1141,20,'SAN BLAS ATEMPA','124',1),
(1142,20,'SAN CARLOS YAUTEPEC','125',1),
(1143,20,'SAN CRISTÓBAL AMATLÁN','126',1),
(1144,20,'SAN CRISTÓBAL AMOLTEPEC','127',1),
(1145,20,'SAN CRISTÓBAL LACHIRIOAG','128',1),
(1146,20,'SAN CRISTÓBAL SUCHIXTLAHUACA','129',1),
(1147,20,'SAN DIONISIO DEL MAR','130',1),
(1148,20,'SAN DIONISIO OCOTEPEC','131',1),
(1149,20,'SAN DIONISIO OCOTLÁN','132',1),
(1150,20,'SAN ESTEBAN ATATLAHUCA','133',1),
(1151,20,'SAN FELIPE JALAPA DE DÍAZ','134',1),
(1152,20,'SAN FELIPE TEJALÁPAM','135',1),
(1153,20,'SAN FELIPE USILA','136',1),
(1154,20,'SAN FRANCISCO CAHUACUÁ','137',1),
(1155,20,'SAN FRANCISCO CAJONOS','138',1),
(1156,20,'SAN FRANCISCO CHAPULAPA','139',1),
(1157,20,'SAN FRANCISCO CHINDÚA','140',1),
(1158,20,'SAN FRANCISCO DEL MAR','141',1),
(1159,20,'SAN FRANCISCO HUEHUETLÁN','142',1),
(1160,20,'SAN FRANCISCO IXHUATÁN','143',1),
(1161,20,'SAN FRANCISCO JALTEPETONGO','144',1),
(1162,20,'SAN FRANCISCO LACHIGOLÓ','145',1),
(1163,20,'SAN FRANCISCO LOGUECHE','146',1),
(1164,20,'SAN FRANCISCO NUXAÑO','147',1),
(1165,20,'SAN FRANCISCO OZOLOTEPEC','148',1),
(1166,20,'SAN FRANCISCO SOLA','149',1),
(1167,20,'SAN FRANCISCO TELIXTLAHUACA','150',1),
(1168,20,'SAN FRANCISCO TEOPAN','151',1),
(1169,20,'SAN FRANCISCO TLAPANCINGO','152',1),
(1170,20,'SAN GABRIEL MIXTEPEC','153',1),
(1171,20,'SAN ILDEFONSO AMATLÁN','154',1),
(1172,20,'SAN ILDEFONSO SOLA','155',1),
(1173,20,'SAN ILDEFONSO VILLA ALTA','156',1),
(1174,20,'SAN JACINTO AMILPAS','157',1),
(1175,20,'SAN JACINTO TLACOTEPEC','158',1),
(1176,20,'SAN JERÓNIMO COATLÁN','159',1),
(1177,20,'SAN JERÓNIMO SILACAYOAPILLA','160',1),
(1178,20,'SAN JERÓNIMO SOSOLA','161',1),
(1179,20,'SAN JERÓNIMO TAVICHE','162',1),
(1180,20,'SAN JERÓNIMO TECÓATL','163',1),
(1181,20,'SAN JORGE NUCHITA','164',1),
(1182,20,'SAN JOSÉ AYUQUILA','165',1),
(1183,20,'SAN JOSÉ CHILTEPEC','166',1),
(1184,20,'SAN JOSÉ DEL PEÑASCO','167',1),
(1185,20,'SAN JOSÉ ESTANCIA GRANDE','168',1),
(1186,20,'SAN JOSÉ INDEPENDENCIA','169',1),
(1187,20,'SAN JOSÉ LACHIGUIRI','170',1),
(1188,20,'SAN JOSÉ TENANGO','171',1),
(1189,20,'SAN JUAN ACHIUTLA','172',1),
(1190,20,'SAN JUAN ATEPEC','173',1),
(1191,20,'ÁNIMAS TRUJANO','174',1),
(1192,20,'SAN JUAN BAUTISTA ATATLAHUCA','175',1),
(1193,20,'SAN JUAN BAUTISTA COIXTLAHUACA','176',1),
(1194,20,'SAN JUAN BAUTISTA CUICATLÁN','177',1),
(1195,20,'SAN JUAN BAUTISTA GUELACHE','178',1),
(1196,20,'SAN JUAN BAUTISTA JAYACATLÁN','179',1),
(1197,20,'SAN JUAN BAUTISTA LO DE SOTO','180',1),
(1198,20,'SAN JUAN BAUTISTA SUCHITEPEC','181',1),
(1199,20,'SAN JUAN BAUTISTA TLACOATZINTEPEC','182',1),
(1200,20,'SAN JUAN BAUTISTA TLACHICHILCO','183',1),
(1201,20,'SAN JUAN BAUTISTA TUXTEPEC','184',1),
(1202,20,'SAN JUAN CACAHUATEPEC','185',1),
(1203,20,'SAN JUAN CIENEGUILLA','186',1),
(1204,20,'SAN JUAN COATZÓSPAM','187',1),
(1205,20,'SAN JUAN COLORADO','188',1),
(1206,20,'SAN JUAN COMALTEPEC','189',1),
(1207,20,'SAN JUAN COTZOCÓN','190',1),
(1208,20,'SAN JUAN CHICOMEZÚCHIL','191',1),
(1209,20,'SAN JUAN CHILATECA','192',1),
(1210,20,'SAN JUAN DEL ESTADO','193',1),
(1211,20,'SAN JUAN DEL RÍO','194',1),
(1212,20,'SAN JUAN DIUXI','195',1),
(1213,20,'SAN JUAN EVANGELISTA ANALCO','196',1),
(1214,20,'SAN JUAN GUELAVÍA','197',1),
(1215,20,'SAN JUAN GUICHICOVI','198',1),
(1216,20,'SAN JUAN IHUALTEPEC','199',1),
(1217,20,'SAN JUAN JUQUILA MIXES','200',1),
(1218,20,'SAN JUAN JUQUILA VIJANOS','201',1),
(1219,20,'SAN JUAN LACHAO','202',1),
(1220,20,'SAN JUAN LACHIGALLA','203',1),
(1221,20,'SAN JUAN LAJARCIA','204',1),
(1222,20,'SAN JUAN LALANA','205',1),
(1223,20,'SAN JUAN DE LOS CUÉS','206',1),
(1224,20,'SAN JUAN MAZATLÁN','207',1),
(1225,20,'SAN JUAN MIXTEPEC -DTO. 08 -','208',1),
(1226,20,'SAN JUAN MIXTEPEC -DTO. 26 -','209',1),
(1227,20,'SAN JUAN ÑUMÍ','210',1),
(1228,20,'SAN JUAN OZOLOTEPEC','211',1),
(1229,20,'SAN JUAN PETLAPA','212',1),
(1230,20,'SAN JUAN QUIAHIJE','213',1),
(1231,20,'SAN JUAN QUIOTEPEC','214',1),
(1232,20,'SAN JUAN SAYULTEPEC','215',1),
(1233,20,'SAN JUAN TABAÁ','216',1),
(1234,20,'SAN JUAN TAMAZOLA','217',1),
(1235,20,'SAN JUAN TEITA','218',1),
(1236,20,'SAN JUAN TEITIPAC','219',1),
(1237,20,'SAN JUAN TEPEUXILA','220',1),
(1238,20,'SAN JUAN TEPOSCOLULA','221',1),
(1239,20,'SAN JUAN YAEÉ','222',1),
(1240,20,'SAN JUAN YATZONA','223',1),
(1241,20,'SAN JUAN YUCUITA','224',1),
(1242,20,'SAN LORENZO','225',1),
(1243,20,'SAN LORENZO ALBARRADAS','226',1),
(1244,20,'SAN LORENZO CACAOTEPEC','227',1),
(1245,20,'SAN LORENZO CUAUNECUILTITLA','228',1),
(1246,20,'SAN LORENZO TEXMELÚCAN','229',1),
(1247,20,'SAN LORENZO VICTORIA','230',1),
(1248,20,'SAN LUCAS CAMOTLÁN','231',1),
(1249,20,'SAN LUCAS OJITLÁN','232',1),
(1250,20,'SAN LUCAS QUIAVINÍ','233',1),
(1251,20,'SAN LUCAS ZOQUIÁPAM','234',1),
(1252,20,'SAN LUIS AMATLÁN','235',1),
(1253,20,'SAN MARCIAL OZOLOTEPEC','236',1),
(1254,20,'SAN MARCOS ARTEAGA','237',1),
(1255,20,'SAN MARTÍN DE LOS CANSECOS','238',1),
(1256,20,'SAN MARTÍN HUAMELÚLPAM','239',1),
(1257,20,'SAN MARTÍN ITUNYOSO','240',1),
(1258,20,'SAN MARTÍN LACHILÁ','241',1),
(1259,20,'SAN MARTÍN PERAS','242',1),
(1260,20,'SAN MARTÍN TILCAJETE','243',1),
(1261,20,'SAN MARTÍN TOXPALAN','244',1),
(1262,20,'SAN MARTÍN ZACATEPEC','245',1),
(1263,20,'SAN MATEO CAJONOS','246',1),
(1264,20,'CAPULÁLPAM DE MÉNDEZ','247',1),
(1265,20,'SAN MATEO DEL MAR','248',1),
(1266,20,'SAN MATEO YOLOXOCHITLÁN','249',1),
(1267,20,'SAN MATEO ETLATONGO','250',1),
(1268,20,'SAN MATEO NEJÁPAM','251',1),
(1269,20,'SAN MATEO PEÑASCO','252',1),
(1270,20,'SAN MATEO PIÑAS','253',1),
(1271,20,'SAN MATEO RÍO HONDO','254',1),
(1272,20,'SAN MATEO SINDIHUI','255',1),
(1273,20,'SAN MATEO TLAPILTEPEC','256',1),
(1274,20,'SAN MELCHOR BETAZA','257',1),
(1275,20,'SAN MIGUEL ACHIUTLA','258',1),
(1276,20,'SAN MIGUEL AHUEHUETITLÁN','259',1),
(1277,20,'SAN MIGUEL ALOÁPAM','260',1),
(1278,20,'SAN MIGUEL AMATITLÁN','261',1),
(1279,20,'SAN MIGUEL AMATLÁN','262',1),
(1280,20,'SAN MIGUEL COATLÁN','263',1),
(1281,20,'SAN MIGUEL CHICAHUA','264',1),
(1282,20,'SAN MIGUEL CHIMALAPA','265',1),
(1283,20,'SAN MIGUEL DEL PUERTO','266',1),
(1284,20,'SAN MIGUEL DEL RÍO','267',1),
(1285,20,'SAN MIGUEL EJUTLA','268',1),
(1286,20,'SAN MIGUEL EL GRANDE','269',1),
(1287,20,'SAN MIGUEL HUAUTLA','270',1),
(1288,20,'SAN MIGUEL MIXTEPEC','271',1),
(1289,20,'SAN MIGUEL PANIXTLAHUACA','272',1),
(1290,20,'SAN MIGUEL PERAS','273',1),
(1291,20,'SAN MIGUEL PIEDRAS','274',1),
(1292,20,'SAN MIGUEL QUETZALTEPEC','275',1),
(1293,20,'SAN MIGUEL SANTA FLOR','276',1),
(1294,20,'VILLA SOLA DE VEGA','277',1),
(1295,20,'SAN MIGUEL SOYALTEPEC','278',1),
(1296,20,'SAN MIGUEL SUCHIXTEPEC','279',1),
(1297,20,'VILLA TALEA DE CASTRO','280',1),
(1298,20,'SAN MIGUEL TECOMATLÁN','281',1),
(1299,20,'SAN MIGUEL TENANGO','282',1),
(1300,20,'SAN MIGUEL TEQUIXTEPEC','283',1),
(1301,20,'SAN MIGUEL TILQUIÁPAM','284',1),
(1302,20,'SAN MIGUEL TLACAMAMA','285',1),
(1303,20,'SAN MIGUEL TLACOTEPEC','286',1),
(1304,20,'SAN MIGUEL TULANCINGO','287',1),
(1305,20,'SAN MIGUEL YOTAO','288',1),
(1306,20,'SAN NICOLÁS','289',1),
(1307,20,'SAN NICOLÁS HIDALGO','290',1),
(1308,20,'SAN PABLO COATLÁN','291',1),
(1309,20,'SAN PABLO CUATRO VENADOS','292',1),
(1310,20,'SAN PABLO ETLA','293',1),
(1311,20,'SAN PABLO HUITZO','294',1),
(1312,20,'SAN PABLO HUIXTEPEC','295',1),
(1313,20,'SAN PABLO MACUILTIANGUIS','296',1),
(1314,20,'SAN PABLO TIJALTEPEC','297',1),
(1315,20,'SAN PABLO VILLA DE MITLA','298',1),
(1316,20,'SAN PABLO YAGANIZA','299',1),
(1317,20,'SAN PEDRO AMUZGOS','300',1),
(1318,20,'SAN PEDRO APÓSTOL','301',1),
(1319,20,'SAN PEDRO ATOYAC','302',1),
(1320,20,'SAN PEDRO CAJONOS','303',1),
(1321,20,'SAN PEDRO COXCALTEPEC CÁNTAROS','304',1),
(1322,20,'SAN PEDRO COMITANCILLO','305',1),
(1323,20,'SAN PEDRO EL ALTO','306',1),
(1324,20,'SAN PEDRO HUAMELULA','307',1),
(1325,20,'SAN PEDRO HUILOTEPEC','308',1),
(1326,20,'SAN PEDRO IXCATLÁN','309',1),
(1327,20,'SAN PEDRO IXTLAHUACA','310',1),
(1328,20,'SAN PEDRO JALTEPETONGO','311',1),
(1329,20,'SAN PEDRO JICAYÁN','312',1),
(1330,20,'SAN PEDRO JOCOTIPAC','313',1),
(1331,20,'SAN PEDRO JUCHATENGO','314',1),
(1332,20,'SAN PEDRO MÁRTIR','315',1),
(1333,20,'SAN PEDRO MÁRTIR QUIECHAPA','316',1),
(1334,20,'SAN PEDRO MÁRTIR YUCUXACO','317',1),
(1335,20,'SAN PEDRO MIXTEPEC -DTO. 22 -','318',1),
(1336,20,'SAN PEDRO MIXTEPEC -DTO. 26 -','319',1),
(1337,20,'SAN PEDRO MOLINOS','320',1),
(1338,20,'SAN PEDRO NOPALA','321',1),
(1339,20,'SAN PEDRO OCOPETATILLO','322',1),
(1340,20,'SAN PEDRO OCOTEPEC','323',1),
(1341,20,'SAN PEDRO POCHUTLA','324',1),
(1342,20,'SAN PEDRO QUIATONI','325',1),
(1343,20,'SAN PEDRO SOCHIÁPAM','326',1),
(1344,20,'SAN PEDRO TAPANATEPEC','327',1),
(1345,20,'SAN PEDRO TAVICHE','328',1),
(1346,20,'SAN PEDRO TEOZACOALCO','329',1),
(1347,20,'SAN PEDRO TEUTILA','330',1),
(1348,20,'SAN PEDRO TIDAÁ','331',1),
(1349,20,'SAN PEDRO TOPILTEPEC','332',1),
(1350,20,'SAN PEDRO TOTOLÁPAM','333',1),
(1351,20,'VILLA DE TUTUTEPEC DE MELCHOR OCAMPO','334',1),
(1352,20,'SAN PEDRO YANERI','335',1),
(1353,20,'SAN PEDRO YÓLOX','336',1),
(1354,20,'SAN PEDRO Y SAN PABLO AYUTLA','337',1),
(1355,20,'VILLA DE ETLA','338',1),
(1356,20,'SAN PEDRO Y SAN PABLO TEPOSCOLULA','339',1),
(1357,20,'SAN PEDRO Y SAN PABLO TEQUIXTEPEC','340',1),
(1358,20,'SAN PEDRO YUCUNAMA','341',1),
(1359,20,'SAN RAYMUNDO JALPAN','342',1),
(1360,20,'SAN SEBASTIÁN ABASOLO','343',1),
(1361,20,'SAN SEBASTIÁN COATLÁN','344',1),
(1362,20,'SAN SEBASTIÁN IXCAPA','345',1),
(1363,20,'SAN SEBASTIÁN NICANANDUTA','346',1),
(1364,20,'SAN SEBASTIÁN RÍO HONDO','347',1),
(1365,20,'SAN SEBASTIÁN TECOMAXTLAHUACA','348',1),
(1366,20,'SAN SEBASTIÁN TEITIPAC','349',1),
(1367,20,'SAN SEBASTIÁN TUTLA','350',1),
(1368,20,'SAN SIMÓN ALMOLONGAS','351',1),
(1369,20,'SAN SIMÓN ZAHUATLÁN','352',1),
(1370,20,'SANTA ANA','353',1),
(1371,20,'SANTA ANA ATEIXTLAHUACA','354',1),
(1372,20,'SANTA ANA CUAUHTÉMOC','355',1),
(1373,20,'SANTA ANA DEL VALLE','356',1),
(1374,20,'SANTA ANA TAVELA','357',1),
(1375,20,'SANTA ANA TLAPACOYAN','358',1),
(1376,20,'SANTA ANA YARENI','359',1),
(1377,20,'SANTA ANA ZEGACHE','360',1),
(1378,20,'SANTA CATALINA QUIERÍ','361',1),
(1379,20,'SANTA CATARINA CUIXTLA','362',1),
(1380,20,'SANTA CATARINA IXTEPEJI','363',1),
(1381,20,'SANTA CATARINA JUQUILA','364',1),
(1382,20,'SANTA CATARINA LACHATAO','365',1),
(1383,20,'SANTA CATARINA LOXICHA','366',1),
(1384,20,'SANTA CATARINA MECHOACÁN','367',1),
(1385,20,'SANTA CATARINA MINAS','368',1),
(1386,20,'SANTA CATARINA QUIANÉ','369',1),
(1387,20,'SANTA CATARINA TAYATA','370',1),
(1388,20,'SANTA CATARINA TICUÁ','371',1),
(1389,20,'SANTA CATARINA YOSONOTÚ','372',1),
(1390,20,'SANTA CATARINA ZAPOQUILA','373',1),
(1391,20,'SANTA CRUZ ACATEPEC','374',1),
(1392,20,'SANTA CRUZ AMILPAS','375',1),
(1393,20,'SANTA CRUZ DE BRAVO','376',1),
(1394,20,'SANTA CRUZ ITUNDUJIA','377',1),
(1395,20,'SANTA CRUZ MIXTEPEC','378',1),
(1396,20,'SANTA CRUZ NUNDACO','379',1),
(1397,20,'SANTA CRUZ PAPALUTLA','380',1),
(1398,20,'SANTA CRUZ TACACHE DE MINA','381',1),
(1399,20,'SANTA CRUZ TACAHUA','382',1),
(1400,20,'SANTA CRUZ TAYATA','383',1),
(1401,20,'SANTA CRUZ XITLA','384',1),
(1402,20,'SANTA CRUZ XOXOCOTLÁN','385',1),
(1403,20,'SANTA CRUZ ZENZONTEPEC','386',1),
(1404,20,'SANTA GERTRUDIS','387',1),
(1405,20,'SANTA INÉS DEL MONTE','388',1),
(1406,20,'SANTA INÉS YATZECHE','389',1),
(1407,20,'SANTA LUCÍA DEL CAMINO','390',1),
(1408,20,'SANTA LUCÍA MIAHUATLÁN','391',1),
(1409,20,'SANTA LUCÍA MONTEVERDE','392',1),
(1410,20,'SANTA LUCÍA OCOTLÁN','393',1),
(1411,20,'SANTA MARÍA ALOTEPEC','394',1),
(1412,20,'SANTA MARÍA APAZCO','395',1),
(1413,20,'SANTA MARÍA LA ASUNCIÓN','396',1),
(1414,20,'HEROICA CIUDAD DE TLAXIACO','397',1),
(1415,20,'AYOQUEZCO DE ALDAMA','398',1),
(1416,20,'SANTA MARÍA ATZOMPA','399',1),
(1417,20,'SANTA MARÍA CAMOTLÁN','400',1),
(1418,20,'SANTA MARÍA COLOTEPEC','401',1),
(1419,20,'SANTA MARÍA CORTIJO','402',1),
(1420,20,'SANTA MARÍA COYOTEPEC','403',1),
(1421,20,'SANTA MARÍA CHACHOÁPAM','404',1),
(1422,20,'VILLA DE CHILAPA DE DÍAZ','405',1),
(1423,20,'SANTA MARÍA CHILCHOTLA','406',1),
(1424,20,'SANTA MARÍA CHIMALAPA','407',1),
(1425,20,'SANTA MARÍA DEL ROSARIO','408',1),
(1426,20,'SANTA MARÍA DEL TULE','409',1),
(1427,20,'SANTA MARÍA ECATEPEC','410',1),
(1428,20,'SANTA MARÍA GUELACÉ','411',1),
(1429,20,'SANTA MARÍA GUIENAGATI','412',1),
(1430,20,'SANTA MARÍA HUATULCO','413',1),
(1431,20,'SANTA MARÍA HUAZOLOTITLÁN','414',1),
(1432,20,'SANTA MARÍA IPALAPA','415',1),
(1433,20,'SANTA MARÍA IXCATLÁN','416',1),
(1434,20,'SANTA MARÍA JACATEPEC','417',1),
(1435,20,'SANTA MARÍA JALAPA DEL MARQUÉS','418',1),
(1436,20,'SANTA MARÍA JALTIANGUIS','419',1),
(1437,20,'SANTA MARÍA LACHIXÍO','420',1),
(1438,20,'SANTA MARÍA MIXTEQUILLA','421',1),
(1439,20,'SANTA MARÍA NATIVITAS','422',1),
(1440,20,'SANTA MARÍA NDUAYACO','423',1),
(1441,20,'SANTA MARÍA OZOLOTEPEC','424',1),
(1442,20,'SANTA MARÍA PÁPALO','425',1),
(1443,20,'SANTA MARÍA PEÑOLES','426',1),
(1444,20,'SANTA MARÍA PETAPA','427',1),
(1445,20,'SANTA MARÍA QUIEGOLANI','428',1),
(1446,20,'SANTA MARÍA SOLA','429',1),
(1447,20,'SANTA MARÍA TATALTEPEC','430',1),
(1448,20,'SANTA MARÍA TECOMAVACA','431',1),
(1449,20,'SANTA MARÍA TEMAXCALAPA','432',1),
(1450,20,'SANTA MARÍA TEMAXCALTEPEC','433',1),
(1451,20,'SANTA MARÍA TEOPOXCO','434',1),
(1452,20,'SANTA MARÍA TEPANTLALI','435',1),
(1453,20,'SANTA MARÍA TEXCATITLÁN','436',1),
(1454,20,'SANTA MARÍA TLAHUITOLTEPEC','437',1),
(1455,20,'SANTA MARÍA TLALIXTAC','438',1),
(1456,20,'SANTA MARÍA TONAMECA','439',1),
(1457,20,'SANTA MARÍA TOTOLAPILLA','440',1),
(1458,20,'SANTA MARÍA XADANI','441',1),
(1459,20,'SANTA MARÍA YALINA','442',1),
(1460,20,'SANTA MARÍA YAVESÍA','443',1),
(1461,20,'SANTA MARÍA YOLOTEPEC','444',1),
(1462,20,'SANTA MARÍA YOSOYÚA','445',1),
(1463,20,'SANTA MARÍA YUCUHITI','446',1),
(1464,20,'SANTA MARÍA ZACATEPEC','447',1),
(1465,20,'SANTA MARÍA ZANIZA','448',1),
(1466,20,'SANTA MARÍA ZOQUITLÁN','449',1),
(1467,20,'SANTIAGO AMOLTEPEC','450',1),
(1468,20,'SANTIAGO APOALA','451',1),
(1469,20,'SANTIAGO APÓSTOL','452',1),
(1470,20,'SANTIAGO ASTATA','453',1),
(1471,20,'SANTIAGO ATITLÁN','454',1),
(1472,20,'SANTIAGO AYUQUILILLA','455',1),
(1473,20,'SANTIAGO CACALOXTEPEC','456',1),
(1474,20,'SANTIAGO CAMOTLÁN','457',1),
(1475,20,'SANTIAGO COMALTEPEC','458',1),
(1476,20,'SANTIAGO CHAZUMBA','459',1),
(1477,20,'SANTIAGO CHOÁPAM','460',1),
(1478,20,'SANTIAGO DEL RÍO','461',1),
(1479,20,'SANTIAGO HUAJOLOTITLÁN','462',1),
(1480,20,'SANTIAGO HUAUCLILLA','463',1),
(1481,20,'SANTIAGO IHUITLÁN PLUMAS','464',1),
(1482,20,'SANTIAGO IXCUINTEPEC','465',1),
(1483,20,'SANTIAGO IXTAYUTLA','466',1),
(1484,20,'SANTIAGO JAMILTEPEC','467',1),
(1485,20,'SANTIAGO JOCOTEPEC','468',1),
(1486,20,'SANTIAGO JUXTLAHUACA','469',1),
(1487,20,'SANTIAGO LACHIGUIRI','470',1),
(1488,20,'SANTIAGO LALOPA','471',1),
(1489,20,'SANTIAGO LAOLLAGA','472',1),
(1490,20,'SANTIAGO LAXOPA','473',1),
(1491,20,'SANTIAGO LLANO GRANDE','474',1),
(1492,20,'SANTIAGO MATATLÁN','475',1),
(1493,20,'SANTIAGO MILTEPEC','476',1),
(1494,20,'SANTIAGO MINAS','477',1),
(1495,20,'SANTIAGO NACALTEPEC','478',1),
(1496,20,'SANTIAGO NEJAPILLA','479',1),
(1497,20,'SANTIAGO NUNDICHE','480',1),
(1498,20,'SANTIAGO NUYOÓ','481',1),
(1499,20,'SANTIAGO PINOTEPA NACIONAL','482',1),
(1500,20,'SANTIAGO SUCHILQUITONGO','483',1),
(1501,20,'SANTIAGO TAMAZOLA','484',1),
(1502,20,'SANTIAGO TAPEXTLA','485',1),
(1503,20,'VILLA TEJÚPAM DE LA UNIÓN','486',1),
(1504,20,'SANTIAGO TENANGO','487',1),
(1505,20,'SANTIAGO TEPETLAPA','488',1),
(1506,20,'SANTIAGO TETEPEC','489',1),
(1507,20,'SANTIAGO TEXCALCINGO','490',1),
(1508,20,'SANTIAGO TEXTITLÁN','491',1),
(1509,20,'SANTIAGO TILANTONGO','492',1),
(1510,20,'SANTIAGO TILLO','493',1),
(1511,20,'SANTIAGO TLAZOYALTEPEC','494',1),
(1512,20,'SANTIAGO XANICA','495',1),
(1513,20,'SANTIAGO XIACUÍ','496',1),
(1514,20,'SANTIAGO YAITEPEC','497',1),
(1515,20,'SANTIAGO YAVEO','498',1),
(1516,20,'SANTIAGO YOLOMÉCATL','499',1),
(1517,20,'SANTIAGO YOSONDÚA','500',1),
(1518,20,'SANTIAGO YUCUYACHI','501',1),
(1519,20,'SANTIAGO ZACATEPEC','502',1),
(1520,20,'SANTIAGO ZOOCHILA','503',1),
(1521,20,'NUEVO ZOQUIÁPAM','504',1),
(1522,20,'SANTO DOMINGO INGENIO','505',1),
(1523,20,'SANTO DOMINGO ALBARRADAS','506',1),
(1524,20,'SANTO DOMINGO ARMENTA','507',1),
(1525,20,'SANTO DOMINGO CHIHUITÁN','508',1),
(1526,20,'SANTO DOMINGO DE MORELOS','509',1),
(1527,20,'SANTO DOMINGO IXCATLÁN','510',1),
(1528,20,'SANTO DOMINGO NUXAÁ','511',1),
(1529,20,'SANTO DOMINGO OZOLOTEPEC','512',1),
(1530,20,'SANTO DOMINGO PETAPA','513',1),
(1531,20,'SANTO DOMINGO ROAYAGA','514',1),
(1532,20,'SANTO DOMINGO TEHUANTEPEC','515',1),
(1533,20,'SANTO DOMINGO TEOJOMULCO','516',1),
(1534,20,'SANTO DOMINGO TEPUXTEPEC','517',1),
(1535,20,'SANTO DOMINGO TLATAYÁPAM','518',1),
(1536,20,'SANTO DOMINGO TOMALTEPEC','519',1),
(1537,20,'SANTO DOMINGO TONALÁ','520',1),
(1538,20,'SANTO DOMINGO TONALTEPEC','521',1),
(1539,20,'SANTO DOMINGO XAGACÍA','522',1),
(1540,20,'SANTO DOMINGO YANHUITLÁN','523',1),
(1541,20,'SANTO DOMINGO YODOHINO','524',1),
(1542,20,'SANTO DOMINGO ZANATEPEC','525',1),
(1543,20,'SANTOS REYES NOPALA','526',1),
(1544,20,'SANTOS REYES PÁPALO','527',1),
(1545,20,'SANTOS REYES TEPEJILLO','528',1),
(1546,20,'SANTOS REYES YUCUNÁ','529',1),
(1547,20,'SANTO TOMÁS JALIEZA','530',1),
(1548,20,'SANTO TOMÁS MAZALTEPEC','531',1),
(1549,20,'SANTO TOMÁS OCOTEPEC','532',1),
(1550,20,'SANTO TOMÁS TAMAZULAPAN','533',1),
(1551,20,'SAN VICENTE COATLÁN','534',1),
(1552,20,'SAN VICENTE LACHIXÍO','535',1),
(1553,20,'SAN VICENTE NUÑÚ','536',1),
(1554,20,'SILACAYOÁPAM','537',1),
(1555,20,'SITIO DE XITLAPEHUA','538',1),
(1556,20,'SOLEDAD ETLA','539',1),
(1557,20,'VILLA DE TAMAZULÁPAM DEL PROGRESO','540',1),
(1558,20,'TANETZE DE ZARAGOZA','541',1),
(1559,20,'TANICHE','542',1),
(1560,20,'TATALTEPEC DE VALDÉS','543',1),
(1561,20,'TEOCOCUILCO DE MARCOS PÉREZ','544',1),
(1562,20,'TEOTITLÁN DE FLORES MAGÓN','545',1),
(1563,20,'TEOTITLÁN DEL VALLE','546',1),
(1564,20,'TEOTONGO','547',1),
(1565,20,'TEPELMEME VILLA DE MORELOS','548',1),
(1566,20,'HEROICA VILLA TEZOATLÁN DE SEGURA Y LUNA, CUNA DE LA INDEPENDENCIA DE OAXACA','549',1),
(1567,20,'SAN JERÓNIMO TLACOCHAHUAYA','550',1),
(1568,20,'TLACOLULA DE MATAMOROS','551',1),
(1569,20,'TLACOTEPEC PLUMAS','552',1),
(1570,20,'TLALIXTAC DE CABRERA','553',1),
(1571,20,'TOTONTEPEC VILLA DE MORELOS','554',1),
(1572,20,'TRINIDAD ZAACHILA','555',1),
(1573,20,'LA TRINIDAD VISTA HERMOSA','556',1),
(1574,20,'UNIÓN HIDALGO','557',1),
(1575,20,'VALERIO TRUJANO','558',1),
(1576,20,'SAN JUAN BAUTISTA VALLE NACIONAL','559',1),
(1577,20,'VILLA DÍAZ ORDAZ','560',1),
(1578,20,'YAXE','561',1),
(1579,20,'MAGDALENA YODOCONO DE PORFIRIO DÍAZ','562',1),
(1580,20,'YOGANA','563',1),
(1581,20,'YUTANDUCHI DE GUERRERO','564',1),
(1582,20,'VILLA DE ZAACHILA','565',1),
(1583,20,'SAN MATEO YUCUTINDÓ','566',1),
(1584,20,'ZAPOTITLÁN LAGUNAS','567',1),
(1585,20,'ZAPOTITLÁN PALMAS','568',1),
(1586,20,'SANTA INÉS DE ZARAGOZA','569',1),
(1587,20,'ZIMATLÁN DE ÁLVAREZ','570',1),
(1588,20,'NO ESPECIFICADO','999',1),
(1589,21,'ACAJETE','001',1),
(1590,21,'ACATENO','002',1),
(1591,21,'ACATLÁN','003',1),
(1592,21,'ACATZINGO','004',1),
(1593,21,'ACTEOPAN','005',1),
(1594,21,'AHUACATLÁN','006',1),
(1595,21,'AHUATLÁN','007',1),
(1596,21,'AHUAZOTEPEC','008',1),
(1597,21,'AHUEHUETITLA','009',1),
(1598,21,'AJALPAN','010',1),
(1599,21,'ALBINO ZERTUCHE','011',1),
(1600,21,'ALJOJUCA','012',1),
(1601,21,'ALTEPEXI','013',1),
(1602,21,'AMIXTLÁN','014',1),
(1603,21,'AMOZOC','015',1),
(1604,21,'AQUIXTLA','016',1),
(1605,21,'ATEMPAN','017',1),
(1606,21,'ATEXCAL','018',1),
(1607,21,'ATLIXCO','019',1),
(1608,21,'ATOYATEMPAN','020',1),
(1609,21,'ATZALA','021',1),
(1610,21,'ATZITZIHUACÁN','022',1),
(1611,21,'ATZITZINTLA','023',1),
(1612,21,'AXUTLA','024',1),
(1613,21,'AYOTOXCO DE GUERRERO','025',1),
(1614,21,'CALPAN','026',1),
(1615,21,'CALTEPEC','027',1),
(1616,21,'CAMOCUAUTLA','028',1),
(1617,21,'CAXHUACAN','029',1),
(1618,21,'COATEPEC','030',1),
(1619,21,'COATZINGO','031',1),
(1620,21,'COHETZALA','032',1),
(1621,21,'COHUECAN','033',1),
(1622,21,'CORONANGO','034',1),
(1623,21,'COXCATLÁN','035',1),
(1624,21,'COYOMEAPAN','036',1),
(1625,21,'COYOTEPEC','037',1),
(1626,21,'CUAPIAXTLA DE MADERO','038',1),
(1627,21,'CUAUTEMPAN','039',1),
(1628,21,'CUAUTINCHÁN','040',1),
(1629,21,'CUAUTLANCINGO','041',1),
(1630,21,'CUAYUCA DE ANDRADE','042',1),
(1631,21,'CUETZALAN DEL PROGRESO','043',1),
(1632,21,'CUYOACO','044',1),
(1633,21,'CHALCHICOMULA DE SESMA','045',1),
(1634,21,'CHAPULCO','046',1),
(1635,21,'CHIAUTLA','047',1),
(1636,21,'CHIAUTZINGO','048',1),
(1637,21,'CHICONCUAUTLA','049',1),
(1638,21,'CHICHIQUILA','050',1),
(1639,21,'CHIETLA','051',1),
(1640,21,'CHIGMECATITLÁN','052',1),
(1641,21,'CHIGNAHUAPAN','053',1),
(1642,21,'CHIGNAUTLA','054',1),
(1643,21,'CHILA','055',1),
(1644,21,'CHILA DE LA SAL','056',1),
(1645,21,'HONEY','057',1),
(1646,21,'CHILCHOTLA','058',1),
(1647,21,'CHINANTLA','059',1),
(1648,21,'DOMINGO ARENAS','060',1),
(1649,21,'ELOXOCHITLÁN','061',1),
(1650,21,'EPATLÁN','062',1),
(1651,21,'ESPERANZA','063',1),
(1652,21,'FRANCISCO Z. MENA','064',1),
(1653,21,'GENERAL FELIPE ÁNGELES','065',1),
(1654,21,'GUADALUPE','066',1),
(1655,21,'GUADALUPE VICTORIA','067',1),
(1656,21,'HERMENEGILDO GALEANA','068',1),
(1657,21,'HUAQUECHULA','069',1),
(1658,21,'HUATLATLAUCA','070',1),
(1659,21,'HUAUCHINANGO','071',1),
(1660,21,'HUEHUETLA','072',1),
(1661,21,'HUEHUETLÁN EL CHICO','073',1),
(1662,21,'HUEJOTZINGO','074',1),
(1663,21,'HUEYAPAN','075',1),
(1664,21,'HUEYTAMALCO','076',1),
(1665,21,'HUEYTLALPAN','077',1),
(1666,21,'HUITZILAN DE SERDÁN','078',1),
(1667,21,'HUITZILTEPEC','079',1),
(1668,21,'ATLEQUIZAYAN','080',1),
(1669,21,'IXCAMILPA DE GUERRERO','081',1),
(1670,21,'IXCAQUIXTLA','082',1),
(1671,21,'IXTACAMAXTITLÁN','083',1),
(1672,21,'IXTEPEC','084',1),
(1673,21,'IZÚCAR DE MATAMOROS','085',1),
(1674,21,'JALPAN','086',1),
(1675,21,'JOLALPAN','087',1),
(1676,21,'JONOTLA','088',1),
(1677,21,'JOPALA','089',1),
(1678,21,'JUAN C. BONILLA','090',1),
(1679,21,'JUAN GALINDO','091',1),
(1680,21,'JUAN N. MÉNDEZ','092',1),
(1681,21,'LAFRAGUA','093',1),
(1682,21,'LIBRES','094',1),
(1683,21,'LA MAGDALENA TLATLAUQUITEPEC','095',1),
(1684,21,'MAZAPILTEPEC DE JUÁREZ','096',1),
(1685,21,'MIXTLA','097',1),
(1686,21,'MOLCAXAC','098',1),
(1687,21,'CAÑADA MORELOS','099',1),
(1688,21,'NAUPAN','100',1),
(1689,21,'NAUZONTLA','101',1),
(1690,21,'NEALTICAN','102',1),
(1691,21,'NICOLÁS BRAVO','103',1),
(1692,21,'NOPALUCAN','104',1),
(1693,21,'OCOTEPEC','105',1),
(1694,21,'OCOYUCAN','106',1),
(1695,21,'OLINTLA','107',1),
(1696,21,'ORIENTAL','108',1),
(1697,21,'PAHUATLÁN','109',1),
(1698,21,'PALMAR DE BRAVO','110',1),
(1699,21,'PANTEPEC','111',1),
(1700,21,'PETLALCINGO','112',1),
(1701,21,'PIAXTLA','113',1),
(1702,21,'PUEBLA','114',1),
(1703,21,'QUECHOLAC','115',1),
(1704,21,'QUIMIXTLÁN','116',1),
(1705,21,'RAFAEL LARA GRAJALES','117',1),
(1706,21,'LOS REYES DE JUÁREZ','118',1),
(1707,21,'SAN ANDRÉS CHOLULA','119',1),
(1708,21,'SAN ANTONIO CAÑADA','120',1),
(1709,21,'SAN DIEGO LA MESA TOCHIMILTZINGO','121',1),
(1710,21,'SAN FELIPE TEOTLALCINGO','122',1),
(1711,21,'SAN FELIPE TEPATLÁN','123',1),
(1712,21,'SAN GABRIEL CHILAC','124',1),
(1713,21,'SAN GREGORIO ATZOMPA','125',1),
(1714,21,'SAN JERÓNIMO TECUANIPAN','126',1),
(1715,21,'SAN JERÓNIMO XAYACATLÁN','127',1),
(1716,21,'SAN JOSÉ CHIAPA','128',1),
(1717,21,'SAN JOSÉ MIAHUATLÁN','129',1),
(1718,21,'SAN JUAN ATENCO','130',1),
(1719,21,'SAN JUAN ATZOMPA','131',1),
(1720,21,'SAN MARTÍN TEXMELUCAN','132',1),
(1721,21,'SAN MARTÍN TOTOLTEPEC','133',1),
(1722,21,'SAN MATÍAS TLALANCALECA','134',1),
(1723,21,'SAN MIGUEL IXITLÁN','135',1),
(1724,21,'SAN MIGUEL XOXTLA','136',1),
(1725,21,'SAN NICOLÁS BUENOS AIRES','137',1),
(1726,21,'SAN NICOLÁS DE LOS RANCHOS','138',1),
(1727,21,'SAN PABLO ANICANO','139',1),
(1728,21,'SAN PEDRO CHOLULA','140',1),
(1729,21,'SAN PEDRO YELOIXTLAHUACA','141',1),
(1730,21,'SAN SALVADOR EL SECO','142',1),
(1731,21,'SAN SALVADOR EL VERDE','143',1),
(1732,21,'SAN SALVADOR HUIXCOLOTLA','144',1),
(1733,21,'SAN SEBASTIÁN TLACOTEPEC','145',1),
(1734,21,'SANTA CATARINA TLALTEMPAN','146',1),
(1735,21,'SANTA INÉS AHUATEMPAN','147',1),
(1736,21,'SANTA ISABEL CHOLULA','148',1),
(1737,21,'SANTIAGO MIAHUATLÁN','149',1),
(1738,21,'HUEHUETLÁN EL GRANDE','150',1),
(1739,21,'SANTO TOMÁS HUEYOTLIPAN','151',1),
(1740,21,'SOLTEPEC','152',1),
(1741,21,'TECALI DE HERRERA','153',1),
(1742,21,'TECAMACHALCO','154',1),
(1743,21,'TECOMATLÁN','155',1),
(1744,21,'TEHUACÁN','156',1),
(1745,21,'TEHUITZINGO','157',1),
(1746,21,'TENAMPULCO','158',1),
(1747,21,'TEOPANTLÁN','159',1),
(1748,21,'TEOTLALCO','160',1),
(1749,21,'TEPANCO DE LÓPEZ','161',1),
(1750,21,'TEPANGO DE RODRÍGUEZ','162',1),
(1751,21,'TEPATLAXCO DE HIDALGO','163',1),
(1752,21,'TEPEACA','164',1),
(1753,21,'TEPEMAXALCO','165',1),
(1754,21,'TEPEOJUMA','166',1),
(1755,21,'TEPETZINTLA','167',1),
(1756,21,'TEPEXCO','168',1),
(1757,21,'TEPEXI DE RODRÍGUEZ','169',1),
(1758,21,'TEPEYAHUALCO','170',1),
(1759,21,'TEPEYAHUALCO DE CUAUHTÉMOC','171',1),
(1760,21,'TETELA DE OCAMPO','172',1),
(1761,21,'TETELES DE AVILA CASTILLO','173',1),
(1762,21,'TEZIUTLÁN','174',1),
(1763,21,'TIANGUISMANALCO','175',1),
(1764,21,'TILAPA','176',1),
(1765,21,'TLACOTEPEC DE BENITO JUÁREZ','177',1),
(1766,21,'TLACUILOTEPEC','178',1),
(1767,21,'TLACHICHUCA','179',1),
(1768,21,'TLAHUAPAN','180',1),
(1769,21,'TLALTENANGO','181',1),
(1770,21,'TLANEPANTLA','182',1),
(1771,21,'TLAOLA','183',1),
(1772,21,'TLAPACOYA','184',1),
(1773,21,'TLAPANALÁ','185',1),
(1774,21,'TLATLAUQUITEPEC','186',1),
(1775,21,'TLAXCO','187',1),
(1776,21,'TOCHIMILCO','188',1),
(1777,21,'TOCHTEPEC','189',1),
(1778,21,'TOTOLTEPEC DE GUERRERO','190',1),
(1779,21,'TULCINGO','191',1),
(1780,21,'TUZAMAPAN DE GALEANA','192',1),
(1781,21,'TZICATLACOYAN','193',1),
(1782,21,'VENUSTIANO CARRANZA','194',1),
(1783,21,'VICENTE GUERRERO','195',1),
(1784,21,'XAYACATLÁN DE BRAVO','196',1),
(1785,21,'XICOTEPEC','197',1),
(1786,21,'XICOTLÁN','198',1),
(1787,21,'XIUTETELCO','199',1),
(1788,21,'XOCHIAPULCO','200',1),
(1789,21,'XOCHILTEPEC','201',1),
(1790,21,'XOCHITLÁN DE VICENTE SUÁREZ','202',1),
(1791,21,'XOCHITLÁN TODOS SANTOS','203',1),
(1792,21,'YAONÁHUAC','204',1),
(1793,21,'YEHUALTEPEC','205',1),
(1794,21,'ZACAPALA','206',1),
(1795,21,'ZACAPOAXTLA','207',1),
(1796,21,'ZACATLÁN','208',1),
(1797,21,'ZAPOTITLÁN','209',1),
(1798,21,'ZAPOTITLÁN DE MÉNDEZ','210',1),
(1799,21,'ZARAGOZA','211',1),
(1800,21,'ZAUTLA','212',1),
(1801,21,'ZIHUATEUTLA','213',1),
(1802,21,'ZINACATEPEC','214',1),
(1803,21,'ZONGOZOTLA','215',1),
(1804,21,'ZOQUIAPAN','216',1),
(1805,21,'ZOQUITLÁN','217',1),
(1806,21,'NO ESPECIFICADO','999',1),
(1807,22,'AMEALCO DE BONFIL','001',1),
(1808,22,'PINAL DE AMOLES','002',1),
(1809,22,'ARROYO SECO','003',1),
(1810,22,'CADEREYTA DE MONTES','004',1),
(1811,22,'COLÓN','005',1),
(1812,22,'CORREGIDORA','006',1),
(1813,22,'EZEQUIEL MONTES','007',1),
(1814,22,'HUIMILPAN','008',1),
(1815,22,'JALPAN DE SERRA','009',1),
(1816,22,'LANDA DE MATAMOROS','010',1),
(1817,22,'EL MARQUÉS','011',1),
(1818,22,'PEDRO ESCOBEDO','012',1),
(1819,22,'PEÑAMILLER','013',1),
(1820,22,'QUERÉTARO','014',1),
(1821,22,'SAN JOAQUÍN','015',1),
(1822,22,'SAN JUAN DEL RÍO','016',1),
(1823,22,'TEQUISQUIAPAN','017',1),
(1824,22,'TOLIMÁN','018',1),
(1825,22,'NO ESPECIFICADO','999',1),
(1826,23,'COZUMEL','001',1),
(1827,23,'FELIPE CARRILLO PUERTO','002',1),
(1828,23,'ISLA MUJERES','003',1),
(1829,23,'OTHÓN P. BLANCO','004',1),
(1830,23,'BENITO JUÁREZ','005',1),
(1831,23,'JOSÉ MARÍA MORELOS','006',1),
(1832,23,'LÁZARO CÁRDENAS','007',1),
(1833,23,'SOLIDARIDAD','008',1),
(1834,23,'TULUM','009',1),
(1835,23,'BACALAR','010',1),
(1836,23,'NO ESPECIFICADO','999',1),
(1837,24,'AHUALULCO','001',1),
(1838,24,'ALAQUINES','002',1),
(1839,24,'AQUISMÓN','003',1),
(1840,24,'ARMADILLO DE LOS INFANTE','004',1),
(1841,24,'CÁRDENAS','005',1),
(1842,24,'CATORCE','006',1),
(1843,24,'CEDRAL','007',1),
(1844,24,'CERRITOS','008',1),
(1845,24,'CERRO DE SAN PEDRO','009',1),
(1846,24,'CIUDAD DEL MAÍZ','010',1),
(1847,24,'CIUDAD FERNÁNDEZ','011',1),
(1848,24,'TANCANHUITZ','012',1),
(1849,24,'CIUDAD VALLES','013',1),
(1850,24,'COXCATLÁN','014',1),
(1851,24,'CHARCAS','015',1),
(1852,24,'EBANO','016',1),
(1853,24,'GUADALCÁZAR','017',1),
(1854,24,'HUEHUETLÁN','018',1),
(1855,24,'LAGUNILLAS','019',1),
(1856,24,'MATEHUALA','020',1),
(1857,24,'MEXQUITIC DE CARMONA','021',1),
(1858,24,'MOCTEZUMA','022',1),
(1859,24,'RAYÓN','023',1),
(1860,24,'RIOVERDE','024',1),
(1861,24,'SALINAS','025',1),
(1862,24,'SAN ANTONIO','026',1),
(1863,24,'SAN CIRO DE ACOSTA','027',1),
(1864,24,'SAN LUIS POTOSÍ','028',1),
(1865,24,'SAN MARTÍN CHALCHICUAUTLA','029',1),
(1866,24,'SAN NICOLÁS TOLENTINO','030',1),
(1867,24,'SANTA CATARINA','031',1),
(1868,24,'SANTA MARÍA DEL RÍO','032',1),
(1869,24,'SANTO DOMINGO','033',1),
(1870,24,'SAN VICENTE TANCUAYALAB','034',1),
(1871,24,'SOLEDAD DE GRACIANO SÁNCHEZ','035',1),
(1872,24,'TAMASOPO','036',1),
(1873,24,'TAMAZUNCHALE','037',1),
(1874,24,'TAMPACÁN','038',1),
(1875,24,'TAMPAMOLÓN CORONA','039',1),
(1876,24,'TAMUÍN','040',1),
(1877,24,'TANLAJÁS','041',1),
(1878,24,'TANQUIÁN DE ESCOBEDO','042',1),
(1879,24,'TIERRA NUEVA','043',1),
(1880,24,'VANEGAS','044',1),
(1881,24,'VENADO','045',1),
(1882,24,'VILLA DE ARRIAGA','046',1),
(1883,24,'VILLA DE GUADALUPE','047',1),
(1884,24,'VILLA DE LA PAZ','048',1),
(1885,24,'VILLA DE RAMOS','049',1),
(1886,24,'VILLA DE REYES','050',1),
(1887,24,'VILLA HIDALGO','051',1),
(1888,24,'VILLA JUÁREZ','052',1),
(1889,24,'AXTLA DE TERRAZAS','053',1),
(1890,24,'XILITLA','054',1),
(1891,24,'ZARAGOZA','055',1),
(1892,24,'VILLA DE ARISTA','056',1),
(1893,24,'MATLAPA','057',1),
(1894,24,'EL NARANJO','058',1),
(1895,24,'NO ESPECIFICADO','999',1),
(1896,25,'AHOME','001',1),
(1897,25,'ANGOSTURA','002',1),
(1898,25,'BADIRAGUATO','003',1),
(1899,25,'CONCORDIA','004',1),
(1900,25,'COSALÁ','005',1),
(1901,25,'CULIACÁN','006',1),
(1902,25,'CHOIX','007',1),
(1903,25,'ELOTA','008',1),
(1904,25,'ESCUINAPA','009',1),
(1905,25,'EL FUERTE','010',1),
(1906,25,'GUASAVE','011',1),
(1907,25,'MAZATLÁN','012',1),
(1908,25,'MOCORITO','013',1),
(1909,25,'ROSARIO','014',1),
(1910,25,'SALVADOR ALVARADO','015',1),
(1911,25,'SAN IGNACIO','016',1),
(1912,25,'SINALOA','017',1),
(1913,25,'NAVOLATO','018',1),
(1914,25,'NO ESPECIFICADO','999',1),
(1915,26,'ACONCHI','001',1),
(1916,26,'AGUA PRIETA','002',1),
(1917,26,'ALAMOS','003',1),
(1918,26,'ALTAR','004',1),
(1919,26,'ARIVECHI','005',1),
(1920,26,'ARIZPE','006',1),
(1921,26,'ATIL','007',1),
(1922,26,'BACADÉHUACHI','008',1),
(1923,26,'BACANORA','009',1),
(1924,26,'BACERAC','010',1),
(1925,26,'BACOACHI','011',1),
(1926,26,'BÁCUM','012',1),
(1927,26,'BANÁMICHI','013',1),
(1928,26,'BAVIÁCORA','014',1),
(1929,26,'BAVISPE','015',1),
(1930,26,'BENJAMÍN HILL','016',1),
(1931,26,'CABORCA','017',1),
(1932,26,'CAJEME','018',1),
(1933,26,'CANANEA','019',1),
(1934,26,'CARBÓ','020',1),
(1935,26,'LA COLORADA','021',1),
(1936,26,'CUCURPE','022',1),
(1937,26,'CUMPAS','023',1),
(1938,26,'DIVISADEROS','024',1),
(1939,26,'EMPALME','025',1),
(1940,26,'ETCHOJOA','026',1),
(1941,26,'FRONTERAS','027',1),
(1942,26,'GRANADOS','028',1),
(1943,26,'GUAYMAS','029',1),
(1944,26,'HERMOSILLO','030',1),
(1945,26,'HUACHINERA','031',1),
(1946,26,'HUÁSABAS','032',1),
(1947,26,'HUATABAMPO','033',1),
(1948,26,'HUÉPAC','034',1),
(1949,26,'IMURIS','035',1),
(1950,26,'MAGDALENA','036',1),
(1951,26,'MAZATÁN','037',1),
(1952,26,'MOCTEZUMA','038',1),
(1953,26,'NACO','039',1),
(1954,26,'NÁCORI CHICO','040',1),
(1955,26,'NACOZARI DE GARCÍA','041',1),
(1956,26,'NAVOJOA','042',1),
(1957,26,'NOGALES','043',1),
(1958,26,'ONAVAS','044',1),
(1959,26,'OPODEPE','045',1),
(1960,26,'OQUITOA','046',1),
(1961,26,'PITIQUITO','047',1),
(1962,26,'PUERTO PEÑASCO','048',1),
(1963,26,'QUIRIEGO','049',1),
(1964,26,'RAYÓN','050',1),
(1965,26,'ROSARIO','051',1),
(1966,26,'SAHUARIPA','052',1),
(1967,26,'SAN FELIPE DE JESÚS','053',1),
(1968,26,'SAN JAVIER','054',1),
(1969,26,'SAN LUIS RÍO COLORADO','055',1),
(1970,26,'SAN MIGUEL DE HORCASITAS','056',1),
(1971,26,'SAN PEDRO DE LA CUEVA','057',1),
(1972,26,'SANTA ANA','058',1),
(1973,26,'SANTA CRUZ','059',1),
(1974,26,'SÁRIC','060',1),
(1975,26,'SOYOPA','061',1),
(1976,26,'SUAQUI GRANDE','062',1),
(1977,26,'TEPACHE','063',1),
(1978,26,'TRINCHERAS','064',1),
(1979,26,'TUBUTAMA','065',1),
(1980,26,'URES','066',1),
(1981,26,'VILLA HIDALGO','067',1),
(1982,26,'VILLA PESQUEIRA','068',1),
(1983,26,'YÉCORA','069',1),
(1984,26,'GENERAL PLUTARCO ELÍAS CALLES','070',1),
(1985,26,'BENITO JUÁREZ','071',1),
(1986,26,'SAN IGNACIO RÍO MUERTO','072',1),
(1987,26,'NO ESPECIFICADO','999',1),
(1988,27,'BALANCÁN','001',1),
(1989,27,'CÁRDENAS','002',1),
(1990,27,'CENTLA','003',1),
(1991,27,'CENTRO','004',1),
(1992,27,'COMALCALCO','005',1),
(1993,27,'CUNDUACÁN','006',1),
(1994,27,'EMILIANO ZAPATA','007',1),
(1995,27,'HUIMANGUILLO','008',1),
(1996,27,'JALAPA','009',1),
(1997,27,'JALPA DE MÉNDEZ','010',1),
(1998,27,'JONUTA','011',1),
(1999,27,'MACUSPANA','012',1),
(2000,27,'NACAJUCA','013',1),
(2001,27,'PARAÍSO','014',1),
(2002,27,'TACOTALPA','015',1),
(2003,27,'TEAPA','016',1),
(2004,27,'TENOSIQUE','017',1),
(2005,27,'NO ESPECIFICADO','999',1),
(2006,28,'ABASOLO','001',1),
(2007,28,'ALDAMA','002',1),
(2008,28,'ALTAMIRA','003',1),
(2009,28,'ANTIGUO MORELOS','004',1),
(2010,28,'BURGOS','005',1),
(2011,28,'BUSTAMANTE','006',1),
(2012,28,'CAMARGO','007',1),
(2013,28,'CASAS','008',1),
(2014,28,'CIUDAD MADERO','009',1),
(2015,28,'CRUILLAS','010',1),
(2016,28,'GÓMEZ FARÍAS','011',1),
(2017,28,'GONZÁLEZ','012',1),
(2018,28,'GÜÉMEZ','013',1),
(2019,28,'GUERRERO','014',1),
(2020,28,'GUSTAVO DÍAZ ORDAZ','015',1),
(2021,28,'HIDALGO','016',1),
(2022,28,'JAUMAVE','017',1),
(2023,28,'JIMÉNEZ','018',1),
(2024,28,'LLERA','019',1),
(2025,28,'MAINERO','020',1),
(2026,28,'EL MANTE','021',1),
(2027,28,'MATAMOROS','022',1),
(2028,28,'MÉNDEZ','023',1),
(2029,28,'MIER','024',1),
(2030,28,'MIGUEL ALEMÁN','025',1),
(2031,28,'MIQUIHUANA','026',1),
(2032,28,'NUEVO LAREDO','027',1),
(2033,28,'NUEVO MORELOS','028',1),
(2034,28,'OCAMPO','029',1),
(2035,28,'PADILLA','030',1),
(2036,28,'PALMILLAS','031',1),
(2037,28,'REYNOSA','032',1),
(2038,28,'RÍO BRAVO','033',1),
(2039,28,'SAN CARLOS','034',1),
(2040,28,'SAN FERNANDO','035',1),
(2041,28,'SAN NICOLÁS','036',1),
(2042,28,'SOTO LA MARINA','037',1),
(2043,28,'TAMPICO','038',1),
(2044,28,'TULA','039',1),
(2045,28,'VALLE HERMOSO','040',1),
(2046,28,'VICTORIA','041',1),
(2047,28,'VILLAGRÁN','042',1),
(2048,28,'XICOTÉNCATL','043',1),
(2049,28,'NO ESPECIFICADO','999',1),
(2050,29,'AMAXAC DE GUERRERO','001',1),
(2051,29,'APETATITLÁN DE ANTONIO CARVAJAL','002',1),
(2052,29,'ATLANGATEPEC','003',1),
(2053,29,'ATLTZAYANCA','004',1),
(2054,29,'APIZACO','005',1),
(2055,29,'CALPULALPAN','006',1),
(2056,29,'EL CARMEN TEQUEXQUITLA','007',1),
(2057,29,'CUAPIAXTLA','008',1),
(2058,29,'CUAXOMULCO','009',1),
(2059,29,'CHIAUTEMPAN','010',1),
(2060,29,'MUÑOZ DE DOMINGO ARENAS','011',1),
(2061,29,'ESPAÑITA','012',1),
(2062,29,'HUAMANTLA','013',1),
(2063,29,'HUEYOTLIPAN','014',1),
(2064,29,'IXTACUIXTLA DE MARIANO MATAMOROS','015',1),
(2065,29,'IXTENCO','016',1),
(2066,29,'MAZATECOCHCO DE JOSÉ MARÍA MORELOS','017',1),
(2067,29,'CONTLA DE JUAN CUAMATZI','018',1),
(2068,29,'TEPETITLA DE LARDIZÁBAL','019',1),
(2069,29,'SANCTÓRUM DE LÁZARO CÁRDENAS','020',1),
(2070,29,'NANACAMILPA DE MARIANO ARISTA','021',1),
(2071,29,'ACUAMANALA DE MIGUEL HIDALGO','022',1),
(2072,29,'NATÍVITAS','023',1),
(2073,29,'PANOTLA','024',1),
(2074,29,'SAN PABLO DEL MONTE','025',1),
(2075,29,'SANTA CRUZ TLAXCALA','026',1),
(2076,29,'TENANCINGO','027',1),
(2077,29,'TEOLOCHOLCO','028',1),
(2078,29,'TEPEYANCO','029',1),
(2079,29,'TERRENATE','030',1),
(2080,29,'TETLA DE LA SOLIDARIDAD','031',1),
(2081,29,'TETLATLAHUCA','032',1),
(2082,29,'TLAXCALA','033',1),
(2083,29,'TLAXCO','034',1),
(2084,29,'TOCATLÁN','035',1),
(2085,29,'TOTOLAC','036',1),
(2086,29,'ZILTLALTÉPEC DE TRINIDAD SÁNCHEZ SANTOS','037',1),
(2087,29,'TZOMPANTEPEC','038',1),
(2088,29,'XALOZTOC','039',1),
(2089,29,'XALTOCAN','040',1),
(2090,29,'PAPALOTLA DE XICOHTÉNCATL','041',1),
(2091,29,'XICOHTZINCO','042',1),
(2092,29,'YAUHQUEMEHCAN','043',1),
(2093,29,'ZACATELCO','044',1),
(2094,29,'BENITO JUÁREZ','045',1),
(2095,29,'EMILIANO ZAPATA','046',1),
(2096,29,'LÁZARO CÁRDENAS','047',1),
(2097,29,'LA MAGDALENA TLALTELULCO','048',1),
(2098,29,'SAN DAMIÁN TEXÓLOC','049',1),
(2099,29,'SAN FRANCISCO TETLANOHCAN','050',1),
(2100,29,'SAN JERÓNIMO ZACUALPAN','051',1),
(2101,29,'SAN JOSÉ TEACALCO','052',1),
(2102,29,'SAN JUAN HUACTZINCO','053',1),
(2103,29,'SAN LORENZO AXOCOMANITLA','054',1),
(2104,29,'SAN LUCAS TECOPILCO','055',1),
(2105,29,'SANTA ANA NOPALUCAN','056',1),
(2106,29,'SANTA APOLONIA TEACALCO','057',1),
(2107,29,'SANTA CATARINA AYOMETLA','058',1),
(2108,29,'SANTA CRUZ QUILEHTLA','059',1),
(2109,29,'SANTA ISABEL XILOXOXTLA','060',1),
(2110,29,'NO ESPECIFICADO','999',1),
(2111,30,'ACAJETE','001',1),
(2112,30,'ACATLÁN','002',1),
(2113,30,'ACAYUCAN','003',1),
(2114,30,'ACTOPAN','004',1),
(2115,30,'ACULA','005',1),
(2116,30,'ACULTZINGO','006',1),
(2117,30,'CAMARÓN DE TEJEDA','007',1),
(2118,30,'ALPATLÁHUAC','008',1),
(2119,30,'ALTO LUCERO DE GUTIÉRREZ BARRIOS','009',1),
(2120,30,'ALTOTONGA','010',1),
(2121,30,'ALVARADO','011',1),
(2122,30,'AMATITLÁN','012',1),
(2123,30,'NARANJOS AMATLÁN','013',1),
(2124,30,'AMATLÁN DE LOS REYES','014',1),
(2125,30,'ANGEL R. CABADA','015',1),
(2126,30,'LA ANTIGUA','016',1),
(2127,30,'APAZAPAN','017',1),
(2128,30,'AQUILA','018',1),
(2129,30,'ASTACINGA','019',1),
(2130,30,'ATLAHUILCO','020',1),
(2131,30,'ATOYAC','021',1),
(2132,30,'ATZACAN','022',1),
(2133,30,'ATZALAN','023',1),
(2134,30,'TLALTETELA','024',1),
(2135,30,'AYAHUALULCO','025',1),
(2136,30,'BANDERILLA','026',1),
(2137,30,'BENITO JUÁREZ','027',1),
(2138,30,'BOCA DEL RÍO','028',1),
(2139,30,'CALCAHUALCO','029',1),
(2140,30,'CAMERINO Z. MENDOZA','030',1),
(2141,30,'CARRILLO PUERTO','031',1),
(2142,30,'CATEMACO','032',1),
(2143,30,'CAZONES DE HERRERA','033',1),
(2144,30,'CERRO AZUL','034',1),
(2145,30,'CITLALTÉPETL','035',1),
(2146,30,'COACOATZINTLA','036',1),
(2147,30,'COAHUITLÁN','037',1),
(2148,30,'COATEPEC','038',1),
(2149,30,'COATZACOALCOS','039',1),
(2150,30,'COATZINTLA','040',1),
(2151,30,'COETZALA','041',1),
(2152,30,'COLIPA','042',1),
(2153,30,'COMAPA','043',1),
(2154,30,'CÓRDOBA','044',1),
(2155,30,'COSAMALOAPAN DE CARPIO','045',1),
(2156,30,'COSAUTLÁN DE CARVAJAL','046',1),
(2157,30,'COSCOMATEPEC','047',1),
(2158,30,'COSOLEACAQUE','048',1),
(2159,30,'COTAXTLA','049',1),
(2160,30,'COXQUIHUI','050',1),
(2161,30,'COYUTLA','051',1),
(2162,30,'CUICHAPA','052',1),
(2163,30,'CUITLÁHUAC','053',1),
(2164,30,'CHACALTIANGUIS','054',1),
(2165,30,'CHALMA','055',1),
(2166,30,'CHICONAMEL','056',1),
(2167,30,'CHICONQUIACO','057',1),
(2168,30,'CHICONTEPEC','058',1),
(2169,30,'CHINAMECA','059',1),
(2170,30,'CHINAMPA DE GOROSTIZA','060',1),
(2171,30,'LAS CHOAPAS','061',1),
(2172,30,'CHOCAMÁN','062',1),
(2173,30,'CHONTLA','063',1),
(2174,30,'CHUMATLÁN','064',1),
(2175,30,'EMILIANO ZAPATA','065',1),
(2176,30,'ESPINAL','066',1),
(2177,30,'FILOMENO MATA','067',1),
(2178,30,'FORTÍN','068',1),
(2179,30,'GUTIÉRREZ ZAMORA','069',1),
(2180,30,'HIDALGOTITLÁN','070',1),
(2181,30,'HUATUSCO','071',1),
(2182,30,'HUAYACOCOTLA','072',1),
(2183,30,'HUEYAPAN DE OCAMPO','073',1),
(2184,30,'HUILOAPAN DE CUAUHTÉMOC','074',1),
(2185,30,'IGNACIO DE LA LLAVE','075',1),
(2186,30,'ILAMATLÁN','076',1),
(2187,30,'ISLA','077',1),
(2188,30,'IXCATEPEC','078',1),
(2189,30,'IXHUACÁN DE LOS REYES','079',1),
(2190,30,'IXHUATLÁN DEL CAFÉ','080',1),
(2191,30,'IXHUATLANCILLO','081',1),
(2192,30,'IXHUATLÁN DEL SURESTE','082',1),
(2193,30,'IXHUATLÁN DE MADERO','083',1),
(2194,30,'IXMATLAHUACAN','084',1),
(2195,30,'IXTACZOQUITLÁN','085',1),
(2196,30,'JALACINGO','086',1),
(2197,30,'XALAPA','087',1),
(2198,30,'JALCOMULCO','088',1),
(2199,30,'JÁLTIPAN','089',1),
(2200,30,'JAMAPA','090',1),
(2201,30,'JESÚS CARRANZA','091',1),
(2202,30,'XICO','092',1),
(2203,30,'JILOTEPEC','093',1),
(2204,30,'JUAN RODRÍGUEZ CLARA','094',1),
(2205,30,'JUCHIQUE DE FERRER','095',1),
(2206,30,'LANDERO Y COSS','096',1),
(2207,30,'LERDO DE TEJADA','097',1),
(2208,30,'MAGDALENA','098',1),
(2209,30,'MALTRATA','099',1),
(2210,30,'MANLIO FABIO ALTAMIRANO','100',1),
(2211,30,'MARIANO ESCOBEDO','101',1),
(2212,30,'MARTÍNEZ DE LA TORRE','102',1),
(2213,30,'MECATLÁN','103',1),
(2214,30,'MECAYAPAN','104',1),
(2215,30,'MEDELLÍN','105',1),
(2216,30,'MIAHUATLÁN','106',1),
(2217,30,'LAS MINAS','107',1),
(2218,30,'MINATITLÁN','108',1),
(2219,30,'MISANTLA','109',1),
(2220,30,'MIXTLA DE ALTAMIRANO','110',1),
(2221,30,'MOLOACÁN','111',1),
(2222,30,'NAOLINCO','112',1),
(2223,30,'NARANJAL','113',1),
(2224,30,'NAUTLA','114',1),
(2225,30,'NOGALES','115',1),
(2226,30,'OLUTA','116',1),
(2227,30,'OMEALCA','117',1),
(2228,30,'ORIZABA','118',1),
(2229,30,'OTATITLÁN','119',1),
(2230,30,'OTEAPAN','120',1),
(2231,30,'OZULUAMA DE MASCAREÑAS','121',1),
(2232,30,'PAJAPAN','122',1),
(2233,30,'PÁNUCO','123',1),
(2234,30,'PAPANTLA','124',1),
(2235,30,'PASO DEL MACHO','125',1),
(2236,30,'PASO DE OVEJAS','126',1),
(2237,30,'LA PERLA','127',1),
(2238,30,'PEROTE','128',1),
(2239,30,'PLATÓN SÁNCHEZ','129',1),
(2240,30,'PLAYA VICENTE','130',1),
(2241,30,'POZA RICA DE HIDALGO','131',1),
(2242,30,'LAS VIGAS DE RAMÍREZ','132',1),
(2243,30,'PUEBLO VIEJO','133',1),
(2244,30,'PUENTE NACIONAL','134',1),
(2245,30,'RAFAEL DELGADO','135',1),
(2246,30,'RAFAEL LUCIO','136',1),
(2247,30,'LOS REYES','137',1),
(2248,30,'RÍO BLANCO','138',1),
(2249,30,'SALTABARRANCA','139',1),
(2250,30,'SAN ANDRÉS TENEJAPAN','140',1),
(2251,30,'SAN ANDRÉS TUXTLA','141',1),
(2252,30,'SAN JUAN EVANGELISTA','142',1),
(2253,30,'SANTIAGO TUXTLA','143',1),
(2254,30,'SAYULA DE ALEMÁN','144',1),
(2255,30,'SOCONUSCO','145',1),
(2256,30,'SOCHIAPA','146',1),
(2257,30,'SOLEDAD ATZOMPA','147',1),
(2258,30,'SOLEDAD DE DOBLADO','148',1),
(2259,30,'SOTEAPAN','149',1),
(2260,30,'TAMALÍN','150',1),
(2261,30,'TAMIAHUA','151',1),
(2262,30,'TAMPICO ALTO','152',1),
(2263,30,'TANCOCO','153',1),
(2264,30,'TANTIMA','154',1),
(2265,30,'TANTOYUCA','155',1),
(2266,30,'TATATILA','156',1),
(2267,30,'CASTILLO DE TEAYO','157',1),
(2268,30,'TECOLUTLA','158',1),
(2269,30,'TEHUIPANGO','159',1),
(2270,30,'ÁLAMO TEMAPACHE','160',1),
(2271,30,'TEMPOAL','161',1),
(2272,30,'TENAMPA','162',1),
(2273,30,'TENOCHTITLÁN','163',1),
(2274,30,'TEOCELO','164',1),
(2275,30,'TEPATLAXCO','165',1),
(2276,30,'TEPETLÁN','166',1),
(2277,30,'TEPETZINTLA','167',1),
(2278,30,'TEQUILA','168',1),
(2279,30,'JOSÉ AZUETA','169',1),
(2280,30,'TEXCATEPEC','170',1),
(2281,30,'TEXHUACÁN','171',1),
(2282,30,'TEXISTEPEC','172',1),
(2283,30,'TEZONAPA','173',1),
(2284,30,'TIERRA BLANCA','174',1),
(2285,30,'TIHUATLÁN','175',1),
(2286,30,'TLACOJALPAN','176',1),
(2287,30,'TLACOLULAN','177',1),
(2288,30,'TLACOTALPAN','178',1),
(2289,30,'TLACOTEPEC DE MEJÍA','179',1),
(2290,30,'TLACHICHILCO','180',1),
(2291,30,'TLALIXCOYAN','181',1),
(2292,30,'TLALNELHUAYOCAN','182',1),
(2293,30,'TLAPACOYAN','183',1),
(2294,30,'TLAQUILPA','184',1),
(2295,30,'TLILAPAN','185',1),
(2296,30,'TOMATLÁN','186',1),
(2297,30,'TONAYÁN','187',1),
(2298,30,'TOTUTLA','188',1),
(2299,30,'TUXPAN','189',1),
(2300,30,'TUXTILLA','190',1),
(2301,30,'URSULO GALVÁN','191',1),
(2302,30,'VEGA DE ALATORRE','192',1),
(2303,30,'VERACRUZ','193',1),
(2304,30,'VILLA ALDAMA','194',1),
(2305,30,'XOXOCOTLA','195',1),
(2306,30,'YANGA','196',1),
(2307,30,'YECUATLA','197',1),
(2308,30,'ZACUALPAN','198',1),
(2309,30,'ZARAGOZA','199',1),
(2310,30,'ZENTLA','200',1),
(2311,30,'ZONGOLICA','201',1),
(2312,30,'ZONTECOMATLÁN DE LÓPEZ Y FUENTES','202',1),
(2313,30,'ZOZOCOLCO DE HIDALGO','203',1),
(2314,30,'AGUA DULCE','204',1),
(2315,30,'EL HIGO','205',1),
(2316,30,'NANCHITAL DE LÁZARO CÁRDENAS DEL RÍO','206',1),
(2317,30,'TRES VALLES','207',1),
(2318,30,'CARLOS A. CARRILLO','208',1),
(2319,30,'TATAHUICAPAN DE JUÁREZ','209',1),
(2320,30,'UXPANAPA','210',1),
(2321,30,'SAN RAFAEL','211',1),
(2322,30,'SANTIAGO SOCHIAPAN','212',1),
(2323,30,'NO ESPECIFICADO','999',1),
(2324,31,'ABALÁ','001',1),
(2325,31,'ACANCEH','002',1),
(2326,31,'AKIL','003',1),
(2327,31,'BACA','004',1),
(2328,31,'BOKOBÁ','005',1),
(2329,31,'BUCTZOTZ','006',1),
(2330,31,'CACALCHÉN','007',1),
(2331,31,'CALOTMUL','008',1),
(2332,31,'CANSAHCAB','009',1),
(2333,31,'CANTAMAYEC','010',1),
(2334,31,'CELESTÚN','011',1),
(2335,31,'CENOTILLO','012',1),
(2336,31,'CONKAL','013',1),
(2337,31,'CUNCUNUL','014',1),
(2338,31,'CUZAMÁ','015',1),
(2339,31,'CHACSINKÍN','016',1),
(2340,31,'CHANKOM','017',1),
(2341,31,'CHAPAB','018',1),
(2342,31,'CHEMAX','019',1),
(2343,31,'CHICXULUB PUEBLO','020',1),
(2344,31,'CHICHIMILÁ','021',1),
(2345,31,'CHIKINDZONOT','022',1),
(2346,31,'CHOCHOLÁ','023',1),
(2347,31,'CHUMAYEL','024',1),
(2348,31,'DZÁN','025',1),
(2349,31,'DZEMUL','026',1),
(2350,31,'DZIDZANTÚN','027',1),
(2351,31,'DZILAM DE BRAVO','028',1),
(2352,31,'DZILAM GONZÁLEZ','029',1),
(2353,31,'DZITÁS','030',1),
(2354,31,'DZONCAUICH','031',1),
(2355,31,'ESPITA','032',1),
(2356,31,'HALACHÓ','033',1),
(2357,31,'HOCABÁ','034',1),
(2358,31,'HOCTÚN','035',1),
(2359,31,'HOMÚN','036',1),
(2360,31,'HUHÍ','037',1),
(2361,31,'HUNUCMÁ','038',1),
(2362,31,'IXIL','039',1),
(2363,31,'IZAMAL','040',1),
(2364,31,'KANASÍN','041',1),
(2365,31,'KANTUNIL','042',1),
(2366,31,'KAUA','043',1),
(2367,31,'KINCHIL','044',1),
(2368,31,'KOPOMÁ','045',1),
(2369,31,'MAMA','046',1),
(2370,31,'MANÍ','047',1),
(2371,31,'MAXCANÚ','048',1),
(2372,31,'MAYAPÁN','049',1),
(2373,31,'MÉRIDA','050',1),
(2374,31,'MOCOCHÁ','051',1),
(2375,31,'MOTUL','052',1),
(2376,31,'MUNA','053',1),
(2377,31,'MUXUPIP','054',1),
(2378,31,'OPICHÉN','055',1),
(2379,31,'OXKUTZCAB','056',1),
(2380,31,'PANABÁ','057',1),
(2381,31,'PETO','058',1),
(2382,31,'PROGRESO','059',1),
(2383,31,'QUINTANA ROO','060',1),
(2384,31,'RÍO LAGARTOS','061',1),
(2385,31,'SACALUM','062',1),
(2386,31,'SAMAHIL','063',1),
(2387,31,'SANAHCAT','064',1),
(2388,31,'SAN FELIPE','065',1),
(2389,31,'SANTA ELENA','066',1),
(2390,31,'SEYÉ','067',1),
(2391,31,'SINANCHÉ','068',1),
(2392,31,'SOTUTA','069',1),
(2393,31,'SUCILÁ','070',1),
(2394,31,'SUDZAL','071',1),
(2395,31,'SUMA','072',1),
(2396,31,'TAHDZIÚ','073',1),
(2397,31,'TAHMEK','074',1),
(2398,31,'TEABO','075',1),
(2399,31,'TECOH','076',1),
(2400,31,'TEKAL DE VENEGAS','077',1),
(2401,31,'TEKANTÓ','078',1),
(2402,31,'TEKAX','079',1),
(2403,31,'TEKIT','080',1),
(2404,31,'TEKOM','081',1),
(2405,31,'TELCHAC PUEBLO','082',1),
(2406,31,'TELCHAC PUERTO','083',1),
(2407,31,'TEMAX','084',1),
(2408,31,'TEMOZÓN','085',1),
(2409,31,'TEPAKÁN','086',1),
(2410,31,'TETIZ','087',1),
(2411,31,'TEYA','088',1),
(2412,31,'TICUL','089',1),
(2413,31,'TIMUCUY','090',1),
(2414,31,'TINUM','091',1),
(2415,31,'TIXCACALCUPUL','092',1),
(2416,31,'TIXKOKOB','093',1),
(2417,31,'TIXMEHUAC','094',1),
(2418,31,'TIXPÉHUAL','095',1),
(2419,31,'TIZIMÍN','096',1),
(2420,31,'TUNKÁS','097',1),
(2421,31,'TZUCACAB','098',1),
(2422,31,'UAYMA','099',1),
(2423,31,'UCÚ','100',1),
(2424,31,'UMÁN','101',1),
(2425,31,'VALLADOLID','102',1),
(2426,31,'XOCCHEL','103',1),
(2427,31,'YAXCABÁ','104',1),
(2428,31,'YAXKUKUL','105',1),
(2429,31,'YOBAÍN','106',1),
(2430,31,'NO ESPECIFICADO','999',1),
(2431,32,'APOZOL','001',1),
(2432,32,'APULCO','002',1),
(2433,32,'ATOLINGA','003',1),
(2434,32,'BENITO JUÁREZ','004',1),
(2435,32,'CALERA','005',1),
(2436,32,'CAÑITAS DE FELIPE PESCADOR','006',1),
(2437,32,'CONCEPCIÓN DEL ORO','007',1),
(2438,32,'CUAUHTÉMOC','008',1),
(2439,32,'CHALCHIHUITES','009',1),
(2440,32,'FRESNILLO','010',1),
(2441,32,'TRINIDAD GARCÍA DE LA CADENA','011',1),
(2442,32,'GENARO CODINA','012',1),
(2443,32,'GENERAL ENRIQUE ESTRADA','013',1),
(2444,32,'GENERAL FRANCISCO R. MURGUÍA','014',1),
(2445,32,'EL PLATEADO DE JOAQUÍN AMARO','015',1),
(2446,32,'GENERAL PÁNFILO NATERA','016',1),
(2447,32,'GUADALUPE','017',1),
(2448,32,'HUANUSCO','018',1),
(2449,32,'JALPA','019',1),
(2450,32,'JEREZ','020',1),
(2451,32,'JIMÉNEZ DEL TEUL','021',1),
(2452,32,'JUAN ALDAMA','022',1),
(2453,32,'JUCHIPILA','023',1),
(2454,32,'LORETO','024',1),
(2455,32,'LUIS MOYA','025',1),
(2456,32,'MAZAPIL','026',1),
(2457,32,'MELCHOR OCAMPO','027',1),
(2458,32,'MEZQUITAL DEL ORO','028',1),
(2459,32,'MIGUEL AUZA','029',1),
(2460,32,'MOMAX','030',1),
(2461,32,'MONTE ESCOBEDO','031',1),
(2462,32,'MORELOS','032',1),
(2463,32,'MOYAHUA DE ESTRADA','033',1),
(2464,32,'NOCHISTLÁN DE MEJÍA','034',1),
(2465,32,'NORIA DE ÁNGELES','035',1),
(2466,32,'OJOCALIENTE','036',1),
(2467,32,'PÁNUCO','037',1),
(2468,32,'PINOS','038',1),
(2469,32,'RÍO GRANDE','039',1),
(2470,32,'SAIN ALTO','040',1),
(2471,32,'EL SALVADOR','041',1),
(2472,32,'SOMBRERETE','042',1),
(2473,32,'SUSTICACÁN','043',1),
(2474,32,'TABASCO','044',1),
(2475,32,'TEPECHITLÁN','045',1),
(2476,32,'TEPETONGO','046',1),
(2477,32,'TEÚL DE GONZÁLEZ ORTEGA','047',1),
(2478,32,'TLALTENANGO DE SÁNCHEZ ROMÁN','048',1),
(2479,32,'VALPARAÍSO','049',1),
(2480,32,'VETAGRANDE','050',1),
(2481,32,'VILLA DE COS','051',1),
(2482,32,'VILLA GARCÍA','052',1),
(2483,32,'VILLA GONZÁLEZ ORTEGA','053',1),
(2484,32,'VILLA HIDALGO','054',1),
(2485,32,'VILLANUEVA','055',1),
(2486,32,'ZACATECAS','056',1),
(2487,32,'TRANCOSO','057',1),
(2488,32,'SANTA MARÍA DE LA PAZ','058',1),
(2489,32,'NO ESPECIFICADO','999',1),
(2490,0,'NO ESPECIFICADO','999',1);

/*Table structure for table `cat_pais` */

DROP TABLE IF EXISTS `cat_pais`;

CREATE TABLE `cat_pais` (
  `id_pais` int(11) NOT NULL AUTO_INCREMENT,
  `nombre_pais` varchar(256) COLLATE utf8_spanish_ci DEFAULT NULL,
  `activo` tinyint(4) DEFAULT 1,
  PRIMARY KEY (`id_pais`)
) ENGINE=InnoDB AUTO_INCREMENT=1000 DEFAULT CHARSET=utf8 COLLATE=utf8_spanish_ci;

/*Data for the table `cat_pais` */

insert  into `cat_pais`(`id_pais`,`nombre_pais`,`activo`) values 
(1,'ECUADOR',1),
(2,'EGIPTO',1),
(3,'ARUBA',1),
(4,'AFGANISTÁN',1),
(5,'ANGOLA',1),
(6,'ANGUILA',1),
(7,'ALBANIA',1),
(8,'ANDORRA',1),
(9,'ANTILLAS NEERLANDESAS',1),
(10,'EMIRATOS ÁRABES UNIDOS',1),
(11,'ARGENTINA',1),
(12,'ARMENIA',1),
(13,'SAMOA ESTADOUNIDENSE',1),
(14,'ANTÁRTIDA',1),
(15,'TERRITORIOS FRANCESES DEL SUR',1),
(16,'ANTIGUA Y BARBUDA',1),
(17,'AUSTRALIA',1),
(18,'ÁUSTRIA',1),
(19,'AZERBAIYÁN',1),
(20,'BURUNDI',1),
(21,'BÉLGICA',1),
(22,'BENIN',1),
(23,'BURKINA FASO',1),
(24,'BANGLADESH',1),
(25,'BULGARIA',1),
(26,'BAHREIN',1),
(27,'BAHAMAS',1),
(28,'BOSNIA Y HERZEGOVINA',1),
(29,'BELARUS',1),
(30,'BELICE',1),
(31,'BERMUDAS',1),
(32,'BOLIVIA',1),
(33,'BRASIL',1),
(34,'BARBADOS',1),
(35,'BRUNEI DARUSSALAM',1),
(36,'BHUTAN',1),
(37,'BIRMANIA',1),
(38,'ISLA BOUVET',1),
(39,'BOTSWANA',1),
(40,'REPÚBLICA CENTROAFRICANA',1),
(41,'CANADÁ',1),
(42,'ISLAS COCOS (KEELING)',1),
(43,'COSTA DE MARFIL',1),
(44,'CAMERÚN',1),
(45,'CONGO',1),
(47,'ISLAS COOK',1),
(48,'COLOMBIA',1),
(49,'COMORAS',1),
(50,'CABO VERDE',1),
(51,'COSTA RICA',1),
(52,'CHECOSLOVAQUIA',1),
(53,'CUBA',1),
(54,'ISLA CHRISTMAS',1),
(55,'ISLAS CAIMANES',1),
(56,'CHIPRE',1),
(57,'CHECA, REPÚBLICA',1),
(58,'SUIZA',1),
(59,'CHILE',1),
(60,'CHINA',1),
(61,'ALEMANIA',1),
(62,'DJIBOUTI',1),
(63,'DOMINICA',1),
(64,'DINAMARCA',1),
(65,'REPÚBLICA DOMINICANA',1),
(66,'ARGELIA',1),
(67,'SAHARAUI',1),
(68,'ESPAÑA',1),
(69,'ESTONIA',1),
(70,'ETIOPÍA',1),
(71,'FINLANDIA',1),
(72,'FIJI',1),
(73,'ISLAS MALVINAS (FALKLAND)',1),
(74,'FRANCIA',1),
(75,'ISLAS FEROE',1),
(76,'MICRONESIA, ESTADOS FEDERADOS DE',1),
(77,'GABÓN',1),
(78,'REINO UNIDO (C. DE DEPEN. TERRIT. BRIT.)',1),
(79,'REINO UNIDO (C. DE NAL. BRIT. DEL EXT.)',1),
(80,'REINO UNIDO (C. BRIT. DEL EXTRANJERO)',1),
(81,'REINO UNIDO (PERSONA BAJO PROTEC. BRIT.)',1),
(82,'REINO UNIDO (CIUDADANO BRITÁNICO)',1),
(83,'REINO UNIDO (SUBDITO BRITÁNICO)',1),
(84,'GEORGIA',1),
(85,'GHANA',1),
(86,'GIBRALTAR',1),
(87,'GUINEA',1),
(88,'GUADALUPE',1),
(89,'GAMBIA',1),
(90,'GUINEA-BISSAU',1),
(91,'GUINEA ECUATORIAL',1),
(92,'GRECIA',1),
(93,'GRANADA',1),
(94,'GROENLANDIA',1),
(95,'GUATEMALA',1),
(96,'GUAYANA FRANCESA',1),
(97,'GUAM',1),
(98,'GUYANA',1),
(99,'HONG KONG',1),
(100,'ISLAS HEARD Y MCDONALD',1),
(101,'HONDURAS',1),
(102,'CROACIA',1),
(103,'HAITÍ',1),
(104,'HUNGRÍA',1),
(105,'INDONESIA',1),
(106,'INDIA',1),
(107,'TERRITORIO BRITÁNICO DEL OCÉANO ÍNDICO',1),
(108,'IRLANDA',1),
(109,'IRÁN, REPÚBLICA ISLÁMICA DEL',1),
(110,'IRÁQ',1),
(111,'ISLANDIA',1),
(112,'ISRAÉL',1),
(113,'ITALIA',1),
(114,'JAMAICA',1),
(115,'JORDANIA',1),
(116,'JAPÓN',1),
(117,'KAZAJSTAN',1),
(118,'KENYA',1),
(119,'KIRGUISTAN',1),
(120,'CAMBOYA',1),
(121,'KIRIBATI',1),
(122,'SAINT KITTS Y NEVIS',1),
(123,'REPÚBLICA DE COREA',1),
(124,'KUWÁIT',1),
(125,'REPÚBLICA DEMOCRÁTICA POPULAR LAO',1),
(126,'LÍBANO',1),
(127,'LIBERIA',1),
(128,'JAMAHIRIYA ÁRABE LIBIA',1),
(129,'SANTA LUCÍA',1),
(130,'LIECHTENSTEIN',1),
(131,'SRÍ LANKA',1),
(132,'LESOTHO',1),
(133,'LITUÁNIA',1),
(134,'LUXEMBURGO',1),
(135,'LETONIA',1),
(136,'MACAO',1),
(137,'MARRUECOS',1),
(138,'MÓNACO',1),
(139,'REPÚBLICA DE MOLDOVA',1),
(140,'MADAGASCAR',1),
(141,'MALDIVAS',1),
(142,'MÉXICO',1),
(143,'ISLAS MARSHALL',1),
(144,'MACEDONIA, REPÚBLICA YUGOSLAVA DE ',1),
(145,'MALÍ',1),
(146,'MALTA',1),
(147,'MYANMAR',1),
(148,'MONGOLIA',1),
(149,'ISLAS MARÍANAS SEPTENTRIONALES',1),
(150,'MOZAMBIQUE',1),
(151,'MAURITANIA',1),
(152,'MONTSERRAT',1),
(153,'MARTINICA',1),
(154,'MAURICIO',1),
(155,'MALAWI',1),
(156,'MALASIA',1),
(157,'NAMIBIA',1),
(158,'NUEVA CALEDONIA',1),
(159,'NÍGER',1),
(160,'ISLA NORFOLK',1),
(161,'NIGERIA',1),
(162,'NICARÁGUA',1),
(163,'NIUÉ',1),
(164,'HOLANDA (PAÍSES BAJOS, REINO UNIDO DE LOS)',1),
(165,'NORUEGA',1),
(166,'NEPÁL',1),
(167,'NAURÚ',1),
(168,'ZONA NEUTRAL',1),
(169,'NUEVA ZELANDIA',1),
(170,'OMÁN',1),
(171,'PAKISTÁN',1),
(172,'PANAMÁ',1),
(173,'PITCAIRN',1),
(174,'PERÚ',1),
(175,'FILIPINAS',1),
(176,'PALAÚ',1),
(177,'PAPÚA NUEVA GUINÉA',1),
(178,'POLÓNIA',1),
(179,'PUERTO RICO',1),
(180,'REPÚBLICA POPULAR DEMOCRÁTICA DE COREA',1),
(181,'PORTUGAL',1),
(182,'PARAGUAY',1),
(183,'POLINESIA FRANCESA',1),
(184,'QATAR',1),
(185,'REUNION',1),
(186,'RUMANIA',1),
(187,'FEDERACIÓN DE RUSIA',1),
(188,'RWANDA',1),
(189,'ARABIA SAUDITA',1),
(190,'SUDÁN',1),
(191,'SENEGAL',1),
(192,'SINGAPUR',1),
(193,'SANTA ELENA',1),
(194,'ISLAS SVALBARD Y JAN MAYEN',1),
(195,'ISLAS SALOMÓN',1),
(196,'SIERRA LEÓNA',1),
(197,'EL SALVADOR',1),
(198,'SAN MARINO',1),
(199,'SOMALIA',1),
(200,'SAÍNT PIERRE Y MIQUELÓN',1),
(201,'SANTO TOME Y PRÍNCIPE',1),
(202,'SURINAME',1),
(203,'ESLOVAQUIA, REPÚBLICA',1),
(204,'ESLOVENIA',1),
(205,'SUECIA',1),
(206,'SWAZILANDIA',1),
(207,'SEYCHELLES',1),
(208,'REPÚBLICA ÁRABE SIRIA',1),
(209,'ISLAS TURCAS Y CAICOS',1),
(210,'CHAD',1),
(211,'TOGO',1),
(212,'TAILANDIA',1),
(213,'TAYIKISTÁN',1),
(214,'TOKELÁU',1),
(215,'TURKMENISTAN',1),
(216,'TIMOR ORIENTAL',1),
(217,'TONGA',1),
(218,'TRINIDAD Y TOBAGO',1),
(219,'TÚNEZ',1),
(220,'TURQUÍA',1),
(221,'TUVALÚ',1),
(222,'TAIWÁN, PROVINCIA DE CHINA',1),
(223,'REPÚBLICA UNIDA DE TANZANIA',1),
(224,'UGANDA',1),
(225,'UCRANIA',1),
(226,'ISLAS REMOTAS MENORES DE LOS ESTADOS UNIDOS',1),
(227,'URUGUAY',1),
(228,'ESTADOS UNIDOS',1),
(229,'UZBEKISTAN',1),
(230,'ESTADO DE LA CIUDAD DEL VATICANO',1),
(231,'SAN VICENTE Y LAS GRANADINAS',1),
(232,'VENEZUELA',1),
(233,'ISLAS VÍRGENES BRITÁNICAS',1),
(234,'ISLAS VÍRGENES (ESTADOS UNIDOS)',1),
(235,'VIET NAM',1),
(236,'VANUATU',1),
(237,'ISLAS WALLIS Y FUTUNA',1),
(238,'SAMOA',1),
(239,'ESLOVAQUIA',1),
(240,'YEMEN, REPÚBLICA DEL',1),
(241,'YUGOSLAVIA',1),
(242,'SUDÁFRICA',1),
(243,'ZAIRE',1),
(244,'ZAMBIA',1),
(245,'ZIMBABWE',1),
(246,'OTRO',1),
(888,'SE IGNORA',1),
(999,'NO ESPECIFICADO',1);

/*Table structure for table `cat_tlb` */

DROP TABLE IF EXISTS `cat_tlb`;

CREATE TABLE `cat_tlb` (
  `cat_tlb_id` int(11) NOT NULL AUTO_INCREMENT,
  `clave` varchar(20) COLLATE utf8_spanish_ci DEFAULT NULL,
  `desc_tlb` varchar(200) COLLATE utf8_spanish_ci DEFAULT NULL,
  `clave_centro` varchar(20) COLLATE utf8_spanish_ci DEFAULT NULL,
  `id_municipio` int(11) DEFAULT NULL,
  `encargado` varchar(250) COLLATE utf8_spanish_ci DEFAULT NULL,
  `correo` varchar(200) COLLATE utf8_spanish_ci DEFAULT NULL,
  `activo` tinyint(4) DEFAULT 1,
  PRIMARY KEY (`cat_tlb_id`),
  KEY `id_municipio` (`id_municipio`),
  CONSTRAINT `cat_tlb_ibfk_1` FOREIGN KEY (`id_municipio`) REFERENCES `cat_municipios` (`id_mpo`)
) ENGINE=InnoDB AUTO_INCREMENT=143 DEFAULT CHARSET=utf8 COLLATE=utf8_spanish_ci;

/*Data for the table `cat_tlb` */

insert  into `cat_tlb`(`cat_tlb_id`,`clave`,`desc_tlb`,`clave_centro`,`id_municipio`,`encargado`,`correo`,`activo`) values 
(1,'CTBC-0001\r\n','Telebachillerato Comunitario Jerécuaro - El Tepozán','11ETK0001U\r\n',349,'Sergio Jesús Almanza Juárez','sealmanza@uveg.edu.mx\r\n',1),
(2,'CTBC-0002\r\n','Telebachillerato Comunitario Manuel Doblado - Calzada de la Merced','11ETK0002T',338,'David Chávez Mandujano','dachavez@uveg.edu.mx',1),
(3,'CTBC-0003\r\n','Telebachillerato Comunitario Pénjamo - Cuevas de Morales\r\n','11ETK0003S',353,'Wilehand Sandoval Banda','wisandoval@uveg.edu.mx\r\n',1),
(4,'CTBC-0004\r\n','Telebachillerato Comunitario Pueblo Nuevo - Progreso de la Unión\r\n','11ETK0004R',354,'Saul Giovanni Reyes Carrillo\r\n','sareyes@uveg.edu.mx\r\n',1),
(5,'CTBC-0005\r\n','Telebachillerato Comunitario San Diego de la Unión - Santa Anita\r\n','11ETK0005Q\r\n',359,'Martín Antonio Ramírez Lino','malino@uveg.edu.mx\r\n',1),
(6,'CTBC-0006\r\n','Telebachillerato Comunitario San Felipe - La Sauceda de la Luz\r\n','11ETK0006P',360,'Norma Alejandra Aguilar Juárez','noaguilar@uveg.edu.mx\r\n',1),
(7,'CTBC-0007\r\n','Telebachillerato Comunitario San José Iturbide - La Escondida\r\n','11ETK0007O',362,'Juan Antonio Flores Arredondo','anflores@uveg.edu.mx',1),
(8,'CTBC-0008\r\n','Telebachillerato Comunitario San Luis de la Paz - San Isidro\r\n','11ETK0008N',363,'Alejandra González Arredondo','alarredondo@uveg.edu.mx',1),
(9,'CTBC-0009','Telebachillerato Comunitario San Miguel de Allende - Los Galvanes','11ETK0009M',333,'María Lemus García','malemus@uveg.edu.mx',1),
(10,'CTBC-0010','Telebachillerato Comunitario Victoria - Malinto','11ETK0010B',373,'Brenda Virginia Urías Ruiz','brurias@uveg.edu.mx',1),
(11,'CTBC-0011','Telebachillerato Comunitario Abasolo - Chamacua','11ETK0033M',331,'Marcelino Rodríguez Hernández','marodriguez@uveg.edu.mx',1),
(12,'CTBC-0012','Telebachillerato Comunitario Abasolo - Luz de Quintana','11ETK0032N',331,'Gabriela García González','gagonzalez@uveg.edu.mx',1),
(13,'CTBC-0013','Telebachillerato Comunitario Abasolo - San Isidro','11ETK0031O',331,'Alejandro Quintero Alcacio','alquintero@uveg.edu.mx',1),
(14,'CTBC-0014','Telebachillerato Comunitario Acámbaro - La Ortiga','11ETK0114X',332,'Jonatan Salvador Rivera García','jorivera@uveg.edu.mx',1),
(15,'CTBC-0015','Telebachillerato Comunitario Acámbaro - Monte Prieto','11ETK0034L',332,'María Guadalupe Esmeralda Hernández Meza','mahernandez@uveg.edu.mx',1),
(16,'CTBC-0016','Telebachillerato Comunitario Acámbaro - San Mateo Tocuaro','11ETK0133L',332,'Juan Manuel Luna Mora','juluna@uveg.edu.mx',1),
(17,'CTBC-0017','Telebachillerato Comunitario Apaseo el Alto - Congregación de la Cruz (La Cueva)','11ETK0035K',334,'Ana Hilda Arreguín Cervantes','anarreguin@uveg.edu.mx',1),
(18,'CTBC-0018','Telebachillerato Comunitario Apaseo el Alto - El Durazno','11ETK0014Y',334,'María Fabiola Bernal Nieto','mabernal@uveg.edu.mx',1),
(19,'CTBC-0019','Telebachillerato Comunitario Apaseo el Alto - El Salto de Espejo','11ETK0134K',334,'Cesar Augusto De los Cobos Urtusastegui','cecobos@uveg.edu.mx',1),
(20,'CTBC-0020','Telebachillerato Comunitario Apaseo el Alto - San Juan del Llanito','11ETK0115W',334,'María del Carmen Montes Flores','mamontes@uveg.edu.mx',1),
(21,'CTBC-0021','Telebachillerato Comunitario Apaseo el Grande - El Tunal (Los Olivos)','11ETK0116V',335,'Thalia Luna Rodríguez','thluna@uveg.edu.mx',1),
(22,'CTBC-0022','Telebachillerato Comunitario Apaseo el Grande - Ixtla (San Miguel de Ixtla)','11ETK0036J',335,'Nelsy Amalia Ortega Puerto','neortega@uveg.edu.mx',1),
(23,'CTBC-0023','Telebachillerato Comunitario Atarjea - La Tapona','11ETK0056X',336,'Norma Hernández Aguas','nohernandez@uveg.edu.mx',1),
(24,'CTBC-0024','Telebachillerato Comunitario Atarjea - Mangas Cuatas','11ETK0117U',336,'Laura Leticia Flores Hurtado','laflores@uveg.edu.mx',1),
(25,'CTBC-0025','Telebachillerato Comunitario Atarjea - San Juan de Dios','11ETK0057W',336,'Pablo Rivas Loyola','parivas@uveg.edu.mx',1),
(26,'CTBC-0026','Telebachillerato Comunitario Comonfort - La Borunda','11ETK0037I',339,'Juan Carlos Gómez Olalde','jugomez@uveg.edu.mx',1),
(27,'CTBC-0027','Telebachillerato Comunitario Comonfort - Ojo de Agua de García','11ETK0038H',339,'Edgar Lomas González','edlomas@uveg.edu.mx',1),
(28,'CTBC-0028','Telebachillerato Comunitario Coroneo - Cebolletas','11ETK0128Z',340,'Rubén Francisco Galnarez Zavala','rugalnarez@uveg.edu.mx',1),
(29,'CTBC-0029','Telebachillerato Comunitario Cortazar - Arreguin de Arriba','11ETK0040W',341,'María de la Luz Ceballos Jaramillo','maceballos@uveg.edu.mx',1),
(30,'CTBC-0030','Telebachillerato Comunitario Cortazar - Bellavista','11ETK0039G',341,'Rosa Isela Rodríguez Ramírez','rorodriguez@uveg.edu.mx',1),
(31,'CTBC-0031','Telebachillerato Comunitario Cortazar - Caracheo','11ETK0118T',341,'Alicia Ramírez Jurado','alramirez@uveg.edu.mx',1),
(32,'CTBC-0032','Telebachillerato Comunitario Cuerámaro - Cerrito de Agua Caliente','11ETK0041V',342,'Armando González Escobar','argonzalez@uveg.edu.mx',1),
(33,'CTBC-0033','Telebachillerato Comunitario Doctor Mora - La Redonda','11ETK0042U',343,'Salvador Celestino Gudiño','sacelestino@uveg.edu.mx',1),
(34,'CTBC-0034','Telebachillerato Comunitario Doctor Mora - Peña Rodada','11ETK0043T',343,'Brenda Edith Portilla Melgarejo','beportilla@uveg.edu.mx',1),
(35,'CTBC-0035','Telebachillerato Comunitario Dolores Hidalgo - Jamaica','11ETK0049N',344,'Juana Elizabeth Cruz Palacios','jucruz@uveg.edu.mx',1),
(36,'CTBC-0036','Telebachillerato Comunitario Dolores Hidalgo - La California','11ETK0048O',344,'Maciel Romo Zamarrón','mazamarron@uveg.edu.mx',1),
(37,'CTBC-0037','Telebachillerato Comunitario Dolores Hidalgo - La Haciendita','11ETK0046Q',344,'Gema Dolores Romero Cabrera','geromero@uveg.edu.mx',1),
(38,'CTBC-0038','Telebachillerato Comunitario Dolores Hidalgo - Las Yerbas','11ETK0045R',344,'José Lira Mejía','jolira@uveg.edu.mx',1),
(39,'CTBC-0039','Telebachillerato Comunitario Dolores Hidalgo - Palmitas','11ETK0044S',344,'José Luis Guerrero Mendoza','joguerrero@uveg.edu.mx',1),
(40,'CTBC-0040','Telebachillerato Comunitario Dolores Hidalgo - San Martín de Terreros','11ETK0050C',344,'Hugo Bárcenas Salinas','hubarcenas@uveg.edu.mx',1),
(41,'CTBC-0041','Telebachillerato Comunitario Dolores Hidalgo - Ojo de Agua de Cervantes','11ETK0135J',344,'Claudia Marisol Solís Guerrero',NULL,1),
(42,'CTBC-0042','Telebachillerato Comunitario Guanajuato - Campuzano','11ETK0129Z',345,'Nadia del Rocio Rocha Panales','derocha@uveg.edu.mx',1),
(43,'CTBC-0043','Telebachillerato Comunitario Guanajuato - La Concepción','11ETK0058V',345,'Jesús Antonio Ramírez Navarro','jeramirez@uveg.edu.mx',1),
(44,'CTBC-0044','Telebachillerato Comunitario Guanajuato - La Trinidad','11ETK0013Z',345,'Sergio Varela Piña',NULL,1),
(45,'CTBC-0045','Telebachillerato Comunitario Guanajuato - Mineral del Cubo','11ETK0051B',345,'Manuel González Martínez','magonzalez@uveg.edu.mx',1),
(46,'CTBC-0046','Telebachillerato Comunitario Huanímaro - Ojos de Agua','11ETK0053Z',346,'Pedro Hernández Luna','pehernandez@uveg.edu.mx',1),
(47,'CTBC-0047','Telebachillerato Comunitario Huanímaro - Rancho de Guadalupe (El Gato)','11ETK0052A',346,'Sergio Maya Sánchez','semaya@uveg.edu.mx',1),
(48,'CTBC-0048','Telebachillerato Comunitario Irapuato - Guadalupe de Rivera','11ETK0016W',347,'Sandra Soledad Patiño Rodríguez','sapatino@uveg.edu.mx',1),
(49,'CTBC-0049','Telebachillerato Comunitario Irapuato - Santa Rosa Temascatío','11ETK0017V',347,'Teresita de Jesús Aguas Valadez','tevaladez@uveg.edu.mx',1),
(50,'CTBC-0050','Telebachillerato Comunitario Jerécuaro - Candelas','11ETK0061I',349,'Sergio Malagón Aguilar','semalagon@uveg.edu.mx',1),
(51,'CTBC-0051','Telebachillerato Comunitario Jerécuaro - Canoas','11ETK0060J',349,'Genaro García Camacho','gegarcia@uveg.edu.mx',1),
(52,'CTBC-0052','Telebachillerato Comunitario Jerécuaro - El Fresno','11ETK0018U',349,'María Guadalupe Cervantes García','macervantes@uveg.edu.mx',1),
(53,'CTBC-0053','Telebachillerato Comunitario Jerécuaro - La Mina','11ETK0059U',349,'Juan Antonio Medina Rodríguez','jumedina@uveg.edu.mx',1),
(54,'CTBC-0054','Telebachillerato Comunitario Jerécuaro - Salto de Peña','11ETK0055Y',349,'Saúl Puga Parra','sapuga@uveg.edu.mx',1),
(55,'CTBC-0055','Telebachillerato Comunitario Jerécuaro - San Lorenzo','11ETK0054Z',349,'Hector Manuel Astudillo Escobar','heastudillo@uveg.edu.mx',1),
(56,'CTBC-0056','Telebachillerato Comunitario León - Nuevo Lindero','11ETK0019T',350,'Brenda Yadira Prieto Rodríguez','brprieto@uveg.edu.mx',1),
(57,'CTBC-0057','Telebachillerato Comunitario León - Ramillete','11ETK0020I',350,'Arely Vázquez Morales','arvazquez@uveg.edu.mx',1),
(58,'CTBC-0058','Telebachillerato Comunitario León - Vaquerías','11ETK0062H',350,'Josue Anuahar Espinoza Rodríguez','joespinoza@uveg.edu.mx',1),
(59,'CTBC-0059','Telebachillerato Comunitario Manuel Doblado - Frías','11ETK0119S',338,'Ángel Fabián Muñoz Díaz','anmunoz@uveg.edu.mx',1),
(60,'CTBC-0060','Telebachillerato Comunitario Manuel Doblado - Rancho Nuevo de Atotonilquillo','11ETK0021H',338,'Jacqueline Jaramillo Rojas','jarojas@uveg.edu.mx',1),
(61,'CTBC-0061','Telebachillerato Comunitario Manuel Doblado - Zapote de Adjuntas','11ETK0127A',338,'Iván René Gutiérrez Hernández','ivgutierrez@uveg.edu.mx',1),
(62,'CTBC-0062','Telebachillerato Comunitario Moroleón - Cuanamuco','11ETK0063G',351,'Luis Francisco Sánchez Lemus','lusanchez@uveg.edu.mx',1),
(63,'CTBC-0063','Telebachillerato Comunitario Moroleón - La Ordeña','11ETK0145Q',351,'María del Carmen Tinoco García','matinoco@uveg.edu.mx',1),
(64,'CTBC-0064','Telebachillerato Comunitario Ocampo - El Potrero','11ETK0064F',352,'Jesús Gregorio González Moya','jegonzalez@uveg.edu.mx',1),
(65,'CTBC-0065','Telebachillerato Comunitario Ocampo - La Escondida','11ETK0120H',352,'Juan Pablo Rodríguez Monroy','parodriguez@uveg.edu.mx',1),
(66,'CTBC-0066','Telebachillerato Comunitario Pénjamo - El Comalillo','11ETK0067C',353,'Juan de Dios López Villagómez','dilopez@uveg.edu.mx',1),
(67,'CTBC-0067','Telebachillerato Comunitario Pénjamo - La Madeja','11ETK0136I',353,'Marina Moreno Maldonado',NULL,1),
(68,'CTBC-0068','Telebachillerato Comunitario Pénjamo - Mangas de Corralejo','11ETK0066D',353,'Ana María Guevara Yañez','anguevara@uveg.edu.mx',1),
(69,'CTBC-0069','Telebachillerato Comunitario Pénjamo - Palo Alto de Abajo','11ETK0065E',353,'José Ramón Solís Hernández','josolis@uveg.edu.mx',1),
(70,'CTBC-0070','Telebachillerato Comunitario Pénjamo - Zapote de Cestau','11ETK0121G',353,'María Elena Medina Cano','elmedina@uveg.edu.mx',1),
(71,'CTBC-0071','Telebachillerato Comunitario Purísima del Rincón - Dolores','11ETK0130O',355,'Ignacio Isaí Barroso Rivas','igbarroso@uveg.edu.mx',1),
(72,'CTBC-0072','Telebachillerato Comunitario Purísima del Rincón - La Trinidad','11ETK0146P',355,'José de Jesús Estrada González','jeestrada@uveg.edu.mx',1),
(73,'CTBC-0073','Telebachillerato Comunitario Purisima del Rincón - Tepetate del Gallo','11ETK0068B',355,'Héctor Federico González Aranda','hegonzalez@uveg.edu.mx',1),
(74,'CTBC-0074','Telebachillerato Comunitario Romita - Los Amoles','11ETK0069A',356,'Pablo Delgado Rojas','padelgado@uveg.edu.mx',1),
(75,'CTBC-0075','Telebachillerato Comunitario Salamanca - Doña Rosa (El Chicote)','11ETK0070Q',357,'Rosa Jessica García González','rogonzalez@uveg.edu.mx',1),
(76,'CTBC-0076','Telebachillerato Comunitario Salamanca - El Recuerdo de Ancón','11ETK0137H',357,'Luis Fernando Patron Barbosa','lupatron@uveg.edu.mx',1),
(77,'CTBC-0077','Telebachillerato Comunitario Salamanca - La Ordeña','11ETK0147O',357,'Angélica González Páramo',NULL,1),
(78,'CTBC-0078','Telebachillerato Comunitario Salvatierra - Estancia del Carmen de Maravatío','11ETK0071P',358,'Fabiola Jiménez Carreño','fajimenez@uveg.edu.mx',1),
(79,'CTBC-0079','Telebachillerato Comunitario Salvatierra - La Luz','11ETK0122F',358,'Jimena Gordillo Escamilla','jigordillo@uveg.edu.mx',1),
(80,'CTBC-0080','Telebachillerato Comunitario San Diego de la Unión - Barranca del Cano','11ETK0076K',359,'Pedro Vargas Martínez','pevargas@uveg.edu.mx',1),
(81,'CTBC-0081','Telebachillerato Comunitario San Diego de la Unión - El Rosalito','11ETK0075L',359,'José Antonio Gloria Almaguer','jogloria@uveg.edu.mx',1),
(82,'CTBC-0082','Telebachillerato Comunitario San Diego de la Unión - Ex Hacienda la Jaula','11ETK0074M',359,'Lilia Rebeca Romero Álvarez','liromero@uveg.edu.mx',1),
(83,'CTBC-0083','Telebachillerato Comunitario San Diego de la Unión - La Sauceda','11ETK0138G',359,'Erika Liliana Esquivel Padierna','eresquivel@uveg.edu.mx',1),
(84,'CTBC-0084','Telebachillerato Comunitario San Diego de la Unión - Mulatos','11ETK0073N',359,'María del Socorro Baca Rodríguez','debaca@uveg.edu.mx',1),
(85,'CTBC-0085','Telebachillerato Comunitario San Diego de la Unión - Peñuelas','11ETK0072O',359,'Laura Martínez Hernández','lamartinez@uveg.edu.mx',1),
(86,'CTBC-0086','Telebachillerato Comunitario San Diego de la Unión - San Antonio','11ETK0148N',359,'Adriána González Arevalo','adgonzalez@uveg.edu.mx',1),
(87,'CTBC-0087','Telebachillerato Comunitario San Felipe - Coecillo','11ETK0023F',360,'Dolores Berenice Aceves Rocha','doaceves@uveg.edu.mx',1),
(88,'CTBC-0088','Telebachillerato Comunitario San Felipe - El Carretón','11ETK0140V',360,'Aurelio Zúñiga Juárez','auzuniga@uveg.edu.mx',1),
(89,'CTBC-0089','Telebachillerato Comunitario San Felipe - Estancia de San Francisco','11ETK0082V',360,'Gloria Gisela Piñon Martínez','glpinon@uveg.edu.mx',1),
(90,'CTBC-0090','Telebachillerato Comunitario San Felipe - Estancia del Cubo','11ETK0081W',360,'Julio César Padrón Mena','jupadron@uveg.edu.mx',1),
(91,'CTBC-0091','Telebachillerato Comunitario San Felipe - Guadalupe','11ETK0139F',360,'Aurora Camacho Rodríguez','aucamacho@uveg.edu.mx',1),
(92,'CTBC-0092','Telebachillerato Comunitario San Felipe - Jesús María','11ETK0024E',360,'Herón Sánchez Rangel','hesanchez@uveg.edu.mx',1),
(93,'CTBC-0093','Telebachillerato Comunitario San Felipe - La Lagunita','11ETK0080X',360,'Maricela Trujillo Hernández','matrujillo@uveg.edu.mx',1),
(94,'CTBC-0094','Telebachillerato Comunitario San Felipe - Mastranto del Refugio','11ETK0079H',360,'Alfonso Luna Machuca','alluna@uveg.edu.mx',1),
(95,'CTBC-0095','Telebachillerato Comunitario San Felipe - Molino de San José','11ETK0078I',360,'Alejandra de la Luz Aguiñaga Malacara','alaguinaga@uveg.edu.mx',1),
(96,'CTBC-0096','Telebachillerato Comunitario San Felipe - San Isidro de Capellanía','11ETK0123E',360,'María de la Luz Martínez Barbosa','lumartinez@uveg.edu.mx',1),
(97,'CTBC-0097','Telebachillerato Comunitario San Felipe - San José del Tanque','11ETK0077J',360,'Teresa Monserrat Rodríguez Carreón','terodriguez@uveg.edu.mx',1),
(98,'CTBC-0098','Telebachillerato Comunitario San Francisco del Rincón - El Nacimiento','11ETK0084T',361,'Gerardo Santana Islas','gesantana@uveg.edu.mx',1),
(99,'CTBC-0099','Telebachillerato Comunitario San Francisco del Rincón - San José de la Barranca','11ETK0083U',361,'Diego Eduardo Morales Lopez','edmorales@uveg.edu.mx',1),
(100,'CTBC-0100','Telebachillerato Comunitario San Francisco del Rincón - Sauz de Armenta','11ETK0022G',361,'Juan Antonio Sotelo Nava','jusotelo@uveg.edu.mx',1),
(101,'CTBC-0101','Telebachillerato Comunitario San José Iturbide - El Cerrito del Arenal','11ETK0087Q',362,'Juan Carlos Martínez Murguía','camurguia@uveg.edu.mx',1),
(102,'CTBC-0102','Telebachillerato Comunitario San José Iturbide - El Zapote','11ETK0141U',362,'Jesús Omar Jaime Valencia','jejaime@uveg.edu.mx',1),
(103,'CTBC-0103','Telebachillerato Comunitario San José Iturbide - La Fragua','11ETK0086R',362,'Diana Verónica Medina Jaramillo','dimedina@uveg.edu.mx',1),
(104,'CTBC-0104','Telebachillerato Comunitario San José Iturbide - Medina','11ETK0085S',362,'Lucia Jiménez Morales','lujimenez@uveg.edu.mx',1),
(105,'CTBC-0105','Telebachillerato Comunitario San Luis de la Paz - El Varal (La Merced)','11ETK0092B',363,'Juan Fabián Torres Ávila','fatorres@uveg.edu.mx',1),
(106,'CTBC-0106','Telebachillerato Comunitario San Luis de la Paz - La Mesa de Jesús','11ETK0091C',363,'Carlos García Solís','casolis@uveg.edu.mx',1),
(107,'CTBC-0107','Telebachillerato Comunitario San Luis de la Paz - San Juan de los Rangeles','11ETK0090D',363,'Erendida García Camacho','ergarcia@uveg.edu.mx',1),
(108,'CTBC-0108','Telebachillerato Comunitario San Luis de la Paz - San Nicolas del Carmen','11ETK0089O',363,'Oscar Eduardo Vázquez Arredondo','osvazquez@uveg.edu.mx',1),
(109,'CTBC-0109','Telebachillerato Comunitario San Luis de la Paz - Vista Hermosa','11ETK0088P',363,'Ana Rocío Alonso Orta','analonso@uveg.edu.mx',1),
(110,'CTBC-0110','Telebachillerato Comunitario San Miguel de Allende - Clavellinas','11ETK0132M',333,'Lucrecia Hernández García','lugarcia@uveg.edu.mx',1),
(111,'CTBC-0111','Telebachillerato Comunitario San Miguel de Allende - Don Francisco','11ETK0095Z',333,'Grisel Guadalupe Gutiérrez Hernández','grgutierrez@uveg.edu.mx',1),
(112,'CTBC-0112','Telebachillerato Comunitario San Miguel de Allende - Jalpa','11ETK0131N',333,'Ikary Mildret Cerda García','ikcerda@uveg.edu.mx',1),
(113,'CTBC-0113','Telebachillerato Comunitario San Miguel de Allende - La Huerta','11ETK0094Z',333,'Xochiquetzal Landín Rojas','xolandin@uveg.edu.mx',1),
(114,'CTBC-0114','Telebachillerato Comunitario San Miguel de Allende - Las Cañas','11ETK0026C',333,'Nayeli del Carmen Hernández Vera','cahernandez@uveg.edu.mx',1),
(115,'CTBC-0115','Telebachillerato Comunitario San Miguel de Allende - Los González','11ETK0093A',333,'José Luis Rodríguez Arellano','lurodriguez@uveg.edu.mx',1),
(116,'CTBC-0116','Telebachillerato Comunitario San Miguel de Allende - Pantoja','11ETK0028A',333,'Erika del Carmen Montes de Oca Margaiz','ermargaiz@uveg.edu.mx',1),
(117,'CTBC-0117','Telebachillerato Comunitario Santa Catarina - Ortega','11ETK0096Y',364,'Eva García Moya','evgarcia@uveg.edu.mx',1),
(118,'CTBC-0118','Telebachillerato Comunitario Santa Cruz de Juventino Rosas - El Naranjillo','11ETK0142T',365,'Demetrio Antonio Ramírez Montoya','deramirez@uveg.edu.mx',1),
(119,'CTBC-0119','Telebachillerato Comunitario Santa Cruz de Juventino Rosas - Mesas De Acosta','11ETK0098W',365,'Juan Luis Rodríguez Noria','jlrodriguez@uveg.edu.mx',1),
(120,'CTBC-0120','Telebachillerato Comunitario Santa Cruz de Juventino Rosas - San Julian de Tierra Blanca','11ETK0097X',365,'Noemí Gasca González','nogasca@uveg.edu.mx',1),
(121,'CTBC-0121','Telebachillerato Comunitario Silao - Comanjilla','11ETK0149M',367,'Francisco José De la Garza Jiménez','frdelagarza@uveg.edu.mx',1),
(122,'CTBC-0122','Telebachillerato Comunitario Silao - San Agustín de las Flores','11ETK0143S',367,'Ma. de los Ángeles Goytia Vega','magoytia@uveg.edu.mx',1),
(123,'CTBC-0123','Telebachillerato Comunitario Silao de la Victoria - Loma De Yerbabuena','11ETK0101T',367,'Yolanda Abigail Hinojosa Sauceda','yohinojosa@uveg.edu.mx',1),
(124,'CTBC-0124','Telebachillerato Comunitario Silao de la Victoria - Medranos','11ETK0029Z',367,'Ma. Elena Azpitarte Almaguer','maazpitarte@uveg.edu.mx',1),
(125,'CTBC-0125','Telebachillerato Comunitario Silao de la Victoria - Napoles','11ETK0100U',367,'María del Rocío Zamudio Rocha','rozamudio@uveg.edu.mx',1),
(126,'CTBC-0126','Telebachillerato Comunitario Silao de la Victoria - San Andres De La Baraña','11ETK0099V',367,'Sofía Abundiz González','soabundiz@uveg.edu.mx',1),
(127,'CTBC-0127','Telebachillerato Comunitario Tierra Blanca - El Sauz','11ETK0102S',370,'Elizabeth Valdez Pérez','elvaldez@uveg.edu.mx',1),
(128,'CTBC-0128','Telebachillerato Comunitario Uriangato - El Derramadero','11ETK0103R',371,'Josue Iván Rodríguez Balcazar','ivrodriguez@uveg.edu.mx',1),
(129,'CTBC-0129','Telebachillerato Comunitario Valle de Santiago - El Borrego','11ETK0113Y',372,'Martha Saldívar Valtierra',NULL,1),
(130,'CTBC-0130','Telebachillerato Comunitario Valle de Santiago - El Tambor','11ETK0107N',372,'Gabriel León García','galeon@uveg.edu.mx',1),
(131,'CTBC-0131','Telebachillerato Comunitario Valle de Santiago - Los Martinez','11ETK0106O',372,'María Lucia González Ramos','laramos@uveg.edu.mx',1),
(132,'CTBC-0132','Telebachillerato Comunitario Valle de Santiago - Sabino De Santa Rosa','11ETK0105P',372,'Marco Julio García García','magarciag@uveg.edu.mx',1),
(133,'CTBC-0133','Telebachillerato Comunitario Valle de Santiago - San Cristobal','11ETK0104Q',372,'María Elena Albarran Hernández','maalbarran@uveg.edu.mx',1),
(134,'CTBC-0134','Telebachillerato Comunitario Valle de Santiago - Zapotillo De Mogotes','11ETK0125C',372,'Alma Fabiola Arteaga Cabrera','alarteaga@uveg.edu.mx',1),
(135,'CTBC-0135','Telebachillerato Comunitario Victoria - Mision De Arnedo','11ETK0108M',373,'Cindy Sarahi Mata Sánchez','cimata@uveg.edu.mx',1),
(136,'CTBC-0136','Telebachillerato Comunitario Victoria - Puerto de Palmas','11ETK0144R',373,'Silvia Fonseca Rangel',NULL,1),
(137,'CTBC-0137','Telebachillerato Comunitario Xichú - Buenavista (Puerto De Buenavista)','11ETK0110A',375,'Mario Emmanuel Velázquez Ramírez','mavelazquez@uveg.edu.mx',1),
(138,'CTBC-0138','Telebachillerato Comunitario Xichú - El Aguacate','11ETK0109L',375,'Olga María Mata García','olmata@uveg.edu.mx',1),
(139,'CTBC-0139','Telebachillerato Comunitario Yuriria - La Calera','11ETK0126B',376,'Ana Gabriela Barajas Camarena','anbarajas@uveg.edu.mx',1),
(140,'CTBC-0140','Telebachillerato Comunitario Yuriria - Porullo','11ETK0112Z',376,'Nancy Jazmín González Pantoja','nagonzalez@uveg.edu.mx',1),
(141,'CTBC-0141','Telebachillerato Comunitario Yuriria - San Andrés Enguaro','11ETK0030P',376,'Eduardo Vega Estrada','edestrada@uveg.edu.mx',1),
(142,'CTBC-0142','Telebachillerato Comunitario Yuriria - Xoconoxtle','11ETK0111Z',376,'María Esther Herrejón Nieto','maherrejon@uveg.edu.mx',1);

/*Table structure for table `materias` */

DROP TABLE IF EXISTS `materias`;

CREATE TABLE `materias` (
  `id_materia` int(11) NOT NULL AUTO_INCREMENT,
  `clave_materia` varchar(50) COLLATE utf8_spanish_ci DEFAULT NULL,
  `nombre_materia` varchar(100) COLLATE utf8_spanish_ci DEFAULT NULL,
  `activo` tinyint(4) DEFAULT 1,
  PRIMARY KEY (`id_materia`)
) ENGINE=InnoDB AUTO_INCREMENT=6 DEFAULT CHARSET=utf8 COLLATE=utf8_spanish_ci;

/*Data for the table `materias` */

insert  into `materias`(`id_materia`,`clave_materia`,`nombre_materia`,`activo`) values 
(1,'CL-45285','Matemáticas',1),
(2,'HY-45855','Español',1),
(3,'FT-58588','Inglés',1),
(4,'RE-45858','Biología',1),
(5,'CP-45852','Computación',1);

/*Table structure for table `personas` */

DROP TABLE IF EXISTS `personas`;

CREATE TABLE `personas` (
  `id_persona` int(11) NOT NULL AUTO_INCREMENT,
  `nombre` varchar(150) COLLATE utf8_spanish_ci DEFAULT NULL,
  `primer_apellido` varchar(150) COLLATE utf8_spanish_ci DEFAULT NULL,
  `segundo_apellido` varchar(150) COLLATE utf8_spanish_ci DEFAULT NULL,
  `id_genero` int(11) DEFAULT NULL,
  `id_mpo_residencia` int(11) DEFAULT NULL,
  `id_pais_nac` int(11) DEFAULT NULL,
  `fecha_nac` date DEFAULT NULL,
  `fecha_reg` datetime DEFAULT NULL,
  `activo` tinyint(4) DEFAULT 1,
  PRIMARY KEY (`id_persona`),
  KEY `id_genero` (`id_genero`),
  KEY `id_mpo_residencia` (`id_mpo_residencia`),
  KEY `id_pais_nac` (`id_pais_nac`),
  CONSTRAINT `personas_ibfk_1` FOREIGN KEY (`id_genero`) REFERENCES `cat_genero` (`id_genero`),
  CONSTRAINT `personas_ibfk_2` FOREIGN KEY (`id_mpo_residencia`) REFERENCES `cat_municipios` (`id_mpo`),
  CONSTRAINT `personas_ibfk_3` FOREIGN KEY (`id_pais_nac`) REFERENCES `cat_pais` (`id_pais`)
) ENGINE=InnoDB AUTO_INCREMENT=201 DEFAULT CHARSET=utf8 COLLATE=utf8_spanish_ci;

/*Data for the table `personas` */

insert  into `personas`(`id_persona`,`nombre`,`primer_apellido`,`segundo_apellido`,`id_genero`,`id_mpo_residencia`,`id_pais_nac`,`fecha_nac`,`fecha_reg`,`activo`) values 
(1,'María de la Luz','Perez','Bush',2,349,142,'1982-09-22','2022-05-28 20:16:55',1),
(2,'Ismael','Perez','Bush',1,349,142,'1996-08-23','2022-05-28 20:16:55',1),
(3,'María de los Ángeles','Perez','Bush',2,349,142,'1998-08-28','2022-05-28 20:16:55',1),
(4,'María Guadalupe','Perez','Bush',2,349,142,'1996-02-24','2022-05-28 20:16:55',1),
(5,'María Brenda','Perez','Bush',2,349,142,'1998-04-20','2022-05-28 20:16:55',1),
(6,'Luis Fernando','Perez','Bush',1,349,142,'1996-04-20','2022-05-28 20:16:55',1),
(7,'Andrea','Perez','Bush',2,349,142,'1998-03-01','2022-05-28 20:16:55',1),
(8,'Ana Delia','Perez','Bush',2,349,142,'1993-07-24','2022-05-28 20:16:55',1),
(9,'Juan Enrique','Perez','Bush',1,349,142,'1997-07-14','2022-05-28 20:16:55',1),
(10,'Cecilia','Perez','Bush',2,349,142,'1991-11-02','2022-05-28 20:16:55',1),
(11,'Marisol','Perez','Bush',2,349,142,'1996-03-26','2022-05-28 20:16:55',1),
(12,'Griselda','Perez','Bush',2,349,142,'1998-01-08','2022-05-28 20:16:55',1),
(13,'Jazmín','Perez','Bush',2,349,142,'1998-04-02','2022-05-28 20:16:55',1),
(14,'Omar','Perez','Bush',1,349,142,'1997-09-30','2022-05-28 20:16:55',1),
(15,'Perla Lizbeth','Perez','Bush',2,349,142,'1998-07-29','2022-05-28 20:16:55',1),
(16,'Rosa Isela','Perez','Clinton',2,349,142,'1997-10-07','2022-05-28 20:16:55',1),
(17,'Leslie Sarahy','Perez','Clinton',2,349,142,'1997-10-31','2022-05-28 20:16:55',1),
(18,'José de Jesús','Perez','Clinton',1,349,142,'1998-06-30','2022-05-28 20:16:55',1),
(19,'Diego','Juarez','Clinton',1,349,142,'1996-10-13','2022-05-28 20:16:55',1),
(20,'María Guadalupe','Juarez','Clinton',2,349,142,'1997-09-22','2022-05-28 20:16:55',1),
(21,'Pedro','Juarez','Clinton',1,349,142,'1998-01-21','2022-05-28 20:16:55',1),
(22,'Esmeralda','Juarez','Clinton',2,349,142,'1997-09-09','2022-05-28 20:16:55',1),
(23,'Mireya','Juarez','Clinton',2,349,142,'1996-09-16','2022-05-28 20:16:55',1),
(24,'Araceli','Juarez','Clinton',2,349,142,'1997-03-05','2022-05-28 20:16:55',1),
(25,'Jesús Enrique','Juarez','Clinton',1,349,142,'1997-08-18','2022-05-28 20:16:55',1),
(26,'Luis Fernando','Juarez','Clinton',1,349,142,'1997-07-20','2022-05-28 20:16:55',1),
(27,'Juan Ramón','Juarez','Clinton',1,338,142,'1997-09-15','2022-05-28 20:16:55',1),
(28,'Erika Georgina','Juarez','Clinton',2,338,142,'1997-09-12','2022-05-28 20:16:55',1),
(29,'Berenice','Juarez','Clinton',2,338,142,'1993-11-21','2022-05-28 20:16:55',1),
(30,'Felipe Adolfo','Juarez','Clinton',1,338,142,'1998-05-15','2022-05-28 20:16:55',1),
(31,'Jessica','Juarez','Clinton',2,338,142,'1993-11-15','2022-05-28 20:16:55',1),
(32,'Mónica Rocío','Juarez','Clinton',2,338,142,'1990-09-15','2022-05-28 20:16:55',1),
(33,'Jorge Antonio','Juarez','Clinton',1,338,142,'1997-04-19','2022-05-28 20:16:55',1),
(34,'Cristian Ezequiel','Juarez','Clinton',1,338,142,'1997-11-11','2022-05-28 20:16:55',1),
(35,'Anahí Francisca','Juarez','Clinton',2,338,142,'1998-06-30','2022-05-28 20:16:55',1),
(36,'Diana Karian','Juarez','Clinton',2,338,142,'1995-11-13','2022-05-28 20:16:55',1),
(37,'José Emmanuel','Juarez','Clinton',1,338,142,'1998-08-24','2022-05-28 20:16:55',1),
(38,'María del Carmen','Juarez','Clinton',2,338,142,'1998-08-24','2022-05-28 20:16:55',1),
(39,'Rafael de Jesús Edgardo','Juarez','Clinton',1,338,142,'1997-09-22','2022-05-28 20:16:55',1),
(40,'Laura Isabel','Juarez','Clinton',2,338,142,'1998-01-31','2022-05-28 20:16:55',1),
(41,'José Merced','Juarez','Clinton',1,338,142,'1996-03-18','2022-05-28 20:16:55',1),
(42,'Jesús Eli','Juarez','Clinton',1,338,142,'1997-09-05','2022-05-28 20:16:55',1),
(43,'Marisol','Juarez','Clinton',2,353,142,'1996-10-23','2022-05-28 20:16:55',1),
(44,'Leonardo','Juarez','Clinton',1,353,142,'1995-05-15','2022-05-28 20:16:55',1),
(45,'Diego','Juarez','Obama',1,353,142,'1996-10-29','2022-05-28 20:16:55',1),
(46,'Victor','Juarez','Obama',1,353,142,'1992-11-27','2022-05-28 20:16:55',1),
(47,'Roberto','Juarez','Obama',1,353,142,'1996-10-11','2022-05-28 20:16:55',1),
(48,'Fernando','Juarez','Obama',1,353,142,'1997-01-09','2022-05-28 20:16:55',1),
(49,'Vicente','Dominguez','Obama',1,353,142,'1998-04-29','2022-05-28 20:16:55',1),
(50,'María del Carmen','Dominguez','Obama',2,353,142,'1995-07-15','2022-05-28 20:16:55',1),
(51,'Sandra','Dominguez','Obama',2,353,142,'1998-05-20','2022-05-28 20:16:55',1),
(52,'Iván','Dominguez','Obama',1,353,142,'1996-09-13','2022-05-28 20:16:55',1),
(53,'Manuel','Dominguez','Obama',1,353,142,'1992-09-23','2022-05-28 20:16:55',1),
(54,'Elizabeth','Dominguez','Obama',2,353,142,'1997-07-04','2022-05-28 20:16:55',1),
(55,'Cinthya Leilani','Dominguez','Obama',2,353,142,'1997-12-27','2022-05-28 20:16:55',1),
(56,'Fidel','Dominguez','Obama',1,353,142,'1991-07-21','2022-05-28 20:16:55',1),
(57,'Luis Antonio','Dominguez','Obama',1,353,142,'1998-07-29','2022-05-28 20:16:55',1),
(58,'María Elizabeth','Dominguez','Obama',2,353,142,'1996-09-28','2022-05-28 20:16:55',1),
(59,'Neftali','Dominguez','Obama',2,353,142,NULL,'2022-05-28 20:16:55',1),
(60,'Isaac','Dominguez','Obama',1,353,142,'1992-09-30','2022-05-28 20:16:55',1),
(61,'Jesús','Dominguez','Obama',1,353,142,'1994-12-24','2022-05-28 20:16:55',1),
(62,'Aristeo','Dominguez','Obama',1,353,142,'1995-10-14','2022-05-28 20:16:55',1),
(63,'David','Dominguez','Obama',1,354,142,'1992-06-08','2022-05-28 20:16:55',1),
(64,'Martín','Dominguez','Obama',1,354,142,'1990-09-08','2022-05-28 20:16:55',1),
(65,'José Juan','Dominguez','Obama',1,354,142,'1998-01-25','2022-05-28 20:16:55',1),
(66,'Rosa','Jackson','Obama',2,354,142,'1998-08-03','2022-05-28 20:16:55',1),
(67,'Margarita','Jackson','Obama',2,354,142,'1994-06-14','2022-05-28 20:16:55',1),
(68,'Mario','Jackson','Obama',1,354,142,'1997-08-22','2022-05-28 20:16:55',1),
(69,'Gerardo','Jackson','Obama',1,354,142,'1995-01-26','2022-05-28 20:16:55',1),
(70,'Ricardo','Jackson','Obama',1,354,142,'1997-04-26','2022-05-28 20:16:55',1),
(71,'Angélica María','Jackson','Obama',2,354,142,'1998-08-04','2022-05-28 20:16:55',1),
(72,'Ana Paulina','Jackson','Obama',2,354,142,'1997-07-15','2022-05-28 20:16:55',1),
(73,'Juana Guadalupe','Jackson','Obama',2,354,142,'1996-11-12','2022-05-28 20:16:55',1),
(74,'Ángel','Jackson','Obama',1,354,142,'1995-09-28','2022-05-28 20:16:55',1),
(75,'José Jesús','Jackson','Calderón',1,354,142,'1990-06-22','2022-05-28 20:16:55',1),
(76,'Gabriela','Jackson','Calderón',2,354,142,'1995-11-07','2022-05-28 20:16:55',1),
(77,'Lupita Anayeli','Jackson','Calderón',2,359,142,'1993-12-13','2022-05-28 20:16:55',1),
(78,'Sanjuana','Jackson','Calderón',2,359,142,'1997-10-10','2022-05-28 20:16:55',1),
(79,'Uriel Yanuar','Jackson','Calderón',1,359,142,'1997-04-11','2022-05-28 20:16:55',1),
(80,'Jose Guadalupe','Jackson','Calderón',1,359,142,'1995-05-26','2022-05-28 20:16:55',1),
(81,'Victor Hugo','Jackson','Calderón',1,359,142,'1998-04-26','2022-05-28 20:16:55',1),
(82,'Joel','Jackson','Calderón',1,359,142,'1998-07-13','2022-05-28 20:16:55',1),
(83,'Jorge Miguel','Jackson','Calderón',1,359,142,'1995-09-21','2022-05-28 20:16:55',1),
(84,'Ana Mariela','Jackson','Calderón',2,359,142,'1995-07-24','2022-05-28 20:16:55',1),
(85,'Vanesa','Jackson','Calderón',2,359,142,'1998-01-14','2022-05-28 20:16:55',1),
(86,'César','Jackson','Calderón',1,359,142,'1997-11-19','2022-05-28 20:16:55',1),
(87,'Vicente Antonio','Jackson','Calderón',1,359,142,'1997-10-30','2022-05-28 20:16:55',1),
(88,'Sandra Zulema','Jackson','Calderón',2,359,142,'1997-10-09','2022-05-28 20:16:55',1),
(89,'Ana Adela','Jackson','Calderón',2,359,142,'1998-11-10','2022-05-28 20:16:55',1),
(90,'Reyna Paola Maribel','Jackson','Calderón',2,359,142,'1995-09-07','2022-05-28 20:16:55',1),
(91,'Yéssica Ivett','Jackson','Calderón',2,359,142,'1994-02-17','2022-05-28 20:16:55',1),
(92,'José Armando','Jackson','Calderón',1,359,142,'1998-04-19','2022-05-28 20:16:55',1),
(93,'Oscar Hernán','Jackson','Calderón',1,359,142,'1997-04-17','2022-05-28 20:16:55',1),
(94,'Ana Adela','Jackson','Calderón',2,359,142,'1996-11-10','2022-05-28 20:16:55',1),
(95,'Talia','Jackson','Calderón',2,359,142,'1982-02-11','2022-05-28 20:16:55',1),
(96,'Jaime Omar','Jackson','Calderón',1,359,142,'1995-04-10','2022-05-28 20:16:55',1),
(97,'Angélica Guadalupe','Jackson','Lenon',2,359,142,'1997-12-21','2022-05-28 20:16:55',1),
(98,'Vicente Antonio','Jackson','Lenon',1,359,142,'1997-10-30','2022-05-28 20:16:55',1),
(99,'Jesús Humberto','Jackson','Lenon',1,359,142,'1994-04-14','2022-05-28 20:16:55',1),
(100,'Jesús','Jackson','Lenon',1,360,142,'1997-12-25','2022-05-28 20:16:55',1),
(101,'María del Socorro','Jackson','Lenon',2,360,142,'1996-02-16','2022-05-28 20:16:55',1),
(102,'María del Rosario','Jackson','Lenon',2,360,142,'1995-03-01','2022-05-28 20:16:55',1),
(103,'María Guadalupe','Jackson','Lenon',2,360,142,'1995-12-28','2022-05-28 20:16:55',1),
(104,'Guadalupe','Jackson','Lenon',2,360,142,'1997-04-26','2022-05-28 20:16:55',1),
(105,'Alma Paola','Jackson','Lenon',2,360,142,'1998-03-14','2022-05-28 20:16:55',1),
(106,'Rosa Isela','Jackson','Lenon',2,360,142,'1997-08-10','2022-05-28 20:16:55',1),
(107,'Martín','Jackson','Lenon',1,360,142,'1997-11-11','2022-05-28 20:16:55',1),
(108,'Guadalupe','Jackson','Lenon',2,360,142,'1996-06-08','2022-05-28 20:16:55',1),
(109,'Rosalva','Jackson','Lenon',2,360,142,'1994-12-04','2022-05-28 20:16:55',1),
(110,'María de la Luz','Jackson','Lenon',2,360,142,'1993-03-09','2022-05-28 20:16:55',1),
(111,'Diana Laura','Jackson','Lenon',2,360,142,'1998-04-13','2022-05-28 20:16:55',1),
(112,'María Guadalupe','Jackson','Lenon',2,360,142,'1996-06-28','2022-05-28 20:16:55',1),
(113,'Rosa Esthela','Jackson','Lenon',2,360,142,'1997-02-21','2022-05-28 20:16:55',1),
(114,'María Brenda','Jackson','Lenon',2,360,142,'1998-07-25','2022-05-28 20:16:55',1),
(115,'Ana Patricia','Jackson','Lenon',2,360,142,'1998-04-17','2022-05-28 20:16:55',1),
(116,'Diana Carolina','Jackson','Lenon',2,360,142,'1996-01-07','2022-05-28 20:16:55',1),
(117,'Vianney','Jackson','Lenon',2,360,142,'1997-12-30','2022-05-28 20:16:55',1),
(118,'Rosa María','Jackson','Lenon',2,360,142,'1995-04-19','2022-05-28 20:16:55',1),
(119,'Yonatan','Jackson','Lenon',1,360,142,'1997-01-17','2022-05-28 20:16:55',1),
(120,'Verónica','Jackson','Lenon',2,360,142,'1996-12-02','2022-05-28 20:16:55',1),
(121,'Maria del Carmen','Jackson','Lenon',2,360,142,'1998-07-25','2022-05-28 20:16:55',1),
(122,'Juan Manuel','Jackson','Lenon',1,360,142,'1995-10-16','2022-05-28 20:16:55',1),
(123,'Juan Daniel','Jackson','Lenon',1,360,142,'1996-05-22','2022-05-28 20:16:55',1),
(124,'José Adolfo','Jackson','Lenon',1,360,142,'1996-05-02','2022-05-28 20:16:55',1),
(125,'Maria Estela','Jackson','Lenon',2,360,142,'1998-08-14','2022-05-28 20:16:55',1),
(126,'Mariela','Jackson','Lenon',2,360,142,'1997-04-02','2022-05-28 20:16:55',1),
(127,'María Guadalupe','Jackson','Lenon',2,360,142,'1997-08-18','2022-05-28 20:16:55',1),
(128,'María Soledad','Jackson','Lenon',2,360,142,'1996-05-27','2022-05-28 20:16:55',1),
(129,'Dania','Jackson','Lenon',2,360,142,'1995-12-30','2022-05-28 20:16:55',1),
(130,'Eliseo Enrique','Jackson','Lenon',1,360,142,'1997-11-30','2022-05-28 20:16:55',1),
(131,'Juana','Jackson','Lenon',2,360,142,'1995-01-09','2022-05-28 20:16:55',1),
(132,'María Elizabeth','Jackson','Lenon',2,360,142,'1995-11-20','2022-05-28 20:16:55',1),
(133,'Juana Laura','Jackson','Star',2,360,142,'1992-08-04','2022-05-28 20:16:55',1),
(134,'María Guadalupe','Jackson','Star',2,362,142,'1998-07-07','2022-05-28 20:16:55',1),
(135,'Erika','Jackson','Star',2,362,142,'1996-11-02','2022-05-28 20:16:55',1),
(136,'Juan Indalecio','Jackson','Star',1,362,142,'1998-02-24','2022-05-28 20:16:55',1),
(137,'José Ascención','Jackson','Star',1,362,142,'1995-02-25','2022-05-28 20:16:55',1),
(138,'Roberto','Jackson','Star',1,362,142,'1996-11-25','2022-05-28 20:16:55',1),
(139,'María Ernestina','Jackson','Star',2,362,142,'1997-03-27','2022-05-28 20:16:55',1),
(140,'Alma Andrea','Washington','Star',2,362,142,'1996-06-20','2022-05-28 20:16:55',1),
(141,'Jorge','Washington','Star',1,362,142,'1995-09-20','2022-05-28 20:16:55',1),
(142,'Daniela','Washington','Star',2,362,142,'1997-06-17','2022-05-28 20:16:55',1),
(143,'Diego Joel','Washington','Star',1,362,142,'1997-07-22','2022-05-28 20:16:55',1),
(144,'Joaquín','Washington','Star',1,362,142,'1995-03-29','2022-05-28 20:16:55',1),
(145,'Luis Enrique','Washington','Star',1,362,142,'1997-10-14','2022-05-28 20:16:55',1),
(146,'Karla Paulina','Washington','Star',2,362,142,'1994-01-08','2022-05-28 20:16:55',1),
(147,'Cinthia','Washington','Star',2,362,142,'1998-03-25','2022-05-28 20:16:55',1),
(148,'Brenda','Washington','Star',2,362,142,'1996-09-24','2022-05-28 20:16:55',1),
(149,'María Ana Laura','Washington','Star',2,362,142,'1995-05-14','2022-05-28 20:16:55',1),
(150,'Jose Gerardo','Washington','Gandhi',1,362,142,'1998-06-26','2022-05-28 20:16:55',1),
(151,'José Gustavo','Washington','Gandhi',1,362,142,'1998-07-29','2022-05-28 20:16:55',1),
(152,'José Reyes','Washington','Gandhi',1,362,142,'1997-01-06','2022-05-28 20:16:55',1),
(153,'Maria Dolores','Washington','Gandhi',2,362,142,'1997-02-02','2022-05-28 20:16:55',1),
(154,'Fabiola','Washington','Gandhi',2,362,142,'1997-07-21','2022-05-28 20:16:55',1),
(155,'Brenda','Washington','Gandhi',2,362,142,'1997-09-15','2022-05-28 20:16:55',1),
(156,'María Marina','Washington','Gandhi',2,362,142,NULL,'2022-05-28 20:16:55',1),
(157,'Rogelio Rafael','Washington','Gandhi',1,362,142,NULL,'2022-05-28 20:16:55',1),
(158,'Gonzalo','Washington','Gandhi',1,362,142,NULL,'2022-05-28 20:16:55',1),
(159,'Rogelio Rafael','Washington','Gandhi',1,362,142,NULL,'2022-05-28 20:16:55',1),
(160,'Rosa','Washington','Gandhi',1,362,142,'1996-12-03','2022-05-28 20:16:55',1),
(161,'Edith','Washington','Gandhi',1,362,142,'1998-12-01','2022-05-28 20:16:55',1),
(162,'Germán','Washington','Gandhi',1,362,142,'1998-12-01','2022-05-28 20:16:55',1),
(163,'Karla Marisol','Washington','Gandhi',2,363,142,'1998-05-25','2022-05-28 20:16:55',1),
(164,'Rocío Alejandra','Washington','Gandhi',2,363,142,'1996-09-10','2022-05-28 20:16:55',1),
(165,'Alejandro','Washington','Gandhi',1,363,142,'1998-07-20','2022-05-28 20:16:55',1),
(166,'Patricia','Washington','Gandhi',2,363,142,NULL,'2022-05-28 20:16:55',1),
(167,'Sergio','Washington','Gandhi',1,363,142,'1995-10-01','2022-05-28 20:16:55',1),
(168,'Cristina','Washington','Gandhi',2,363,142,'1998-01-08','2022-05-28 20:16:55',1),
(169,'María Salomé','Washington','Gandhi',2,363,142,'1997-05-04','2022-05-28 20:16:55',1),
(170,'Jorge Luis','Washington','Gandhi',1,363,142,'1996-12-21','2022-05-28 20:16:55',1),
(171,'María Araceli','Washington','Gandhi',2,363,142,'1995-04-17','2022-05-28 20:16:55',1),
(172,'María Inés','Washington','Gandhi',2,363,142,'1996-12-09','2022-05-28 20:16:55',1),
(173,'María Ofelia','Washington','Gandhi',2,363,142,'1990-04-04','2022-05-28 20:16:55',1),
(174,'Humberto','Washington','Gandhi',1,363,142,'1996-09-10','2022-05-28 20:16:55',1),
(175,'Delfino','Washington','Gandhi',1,363,142,'1997-10-27','2022-05-28 20:16:55',1),
(176,'Mauricio','Washington','Gandhi',1,363,142,'1997-02-26','2022-05-28 20:16:55',1),
(177,'Cristhoper Guillermo','Washington','Gandhi',1,363,142,'1997-02-12','2022-05-28 20:16:55',1),
(178,'Gregorio','Washington','Gandhi',1,363,142,'1996-06-22','2022-05-28 20:16:55',1),
(179,'Juan Diego','Washington','Gandhi',1,363,142,'1995-12-28','2022-05-28 20:16:55',1),
(180,'María Concepción','Washington','Gandhi',2,363,142,'1997-12-08','2022-05-28 20:16:55',1),
(181,'Alejandro','Washington','Gandhi',1,363,142,'1995-01-16','2022-05-28 20:16:55',1),
(182,'Carlos Ignacio','Washington','Gandhi',1,363,142,'1998-07-01','2022-05-28 20:16:55',1),
(183,'Dulce Marisol','Washington','Gandhi',2,363,142,'1996-04-20','2022-05-28 20:16:55',1),
(184,'Juan Geovany','Washington','Gandhi',1,363,142,'1997-07-04','2022-05-28 20:16:55',1),
(185,'José Mauricio','Washington','Gandhi',1,363,142,'1996-02-23','2022-05-28 20:16:55',1),
(186,'Nestor','Washington','Gandhi',1,363,142,'1998-01-21','2022-05-28 20:16:55',1),
(187,'José Armando','Washington','Gandhi',1,363,142,'1997-08-05','2022-05-28 20:16:55',1),
(188,'Yazmín','Washington','Gandhi',2,363,142,'1998-07-21','2022-05-28 20:16:55',1),
(189,'Isidro','Washington','Ludovico',1,363,142,'1994-04-02','2022-05-28 20:16:55',1),
(190,'Michel Gisela','Washington','Ludovico',2,363,142,'1996-03-05','2022-05-28 20:16:55',1),
(191,'María Isabel','Washington','Ludovico',2,363,142,'1994-11-05','2022-05-28 20:16:55',1),
(192,'Martha Lorena','Washington','Ludovico',2,363,142,'1995-05-04','2022-05-28 20:16:55',1),
(193,'César Geovanny','Washington','Ludovico',1,363,142,'1994-03-07','2022-05-28 20:16:55',1),
(194,'Karla Lizbeth','Washington','Ludovico',2,363,142,'1997-11-14','2022-05-28 20:16:55',1),
(195,'Andrés','Washington','Ludovico',1,363,142,'1996-08-19','2022-05-28 20:16:55',1),
(196,'Juan de Dios','Washington','Ludovico',1,363,142,'1994-12-16','2022-05-28 20:16:55',1),
(197,'Héctor','Washington','Ludovico',1,363,142,'1998-05-18','2022-05-28 20:16:55',1),
(198,'Abigail','Washington','Ludovico',2,363,142,'1998-04-20','2022-05-28 20:16:55',1),
(199,'María Juana','Washington','Ludovico',2,363,142,'1997-02-10','2022-05-28 20:16:55',1),
(200,'Carlos Rolando','Washington','Ludovico',1,363,142,'1998-08-06','2022-05-28 20:16:55',1);

/*Table structure for table `vw_alumnos` */

DROP TABLE IF EXISTS `vw_alumnos`;

/*!50001 DROP VIEW IF EXISTS `vw_alumnos` */;
/*!50001 DROP TABLE IF EXISTS `vw_alumnos` */;

/*!50001 CREATE TABLE  `vw_alumnos`(
 `id_alumno_tbc` int(11) ,
 `matricula` varchar(20) ,
 `desc_tlb` varchar(200) ,
 `cat_tlb_id` int(11) ,
 `desc_alumnos_activos` varchar(20) ,
 `id_alumnos_activos` int(11) ,
 `id_persona` int(11) ,
 `nombre` varchar(150) ,
 `primer_apellido` varchar(150) ,
 `segundo_apellido` varchar(150) ,
 `desc_genero` varchar(10) ,
 `id_genero` int(11) ,
 `generacion` tinyint(4) ,
 `nombre_mpo` varchar(255) ,
 `id_mpo` int(11) ,
 `nombre_pais` varchar(256) ,
 `id_pais` int(11) ,
 `fecha_nac` varchar(10) ,
 `fecha_nac_orig` date 
)*/;

/*Table structure for table `vw_centros` */

DROP TABLE IF EXISTS `vw_centros`;

/*!50001 DROP VIEW IF EXISTS `vw_centros` */;
/*!50001 DROP TABLE IF EXISTS `vw_centros` */;

/*!50001 CREATE TABLE  `vw_centros`(
 `cat_tlb_id` int(11) ,
 `clave` varchar(20) ,
 `desc_tlb` varchar(200) ,
 `clave_centro` varchar(20) ,
 `nombre_mpo` varchar(255) ,
 `encargado` varchar(250) ,
 `correo` varchar(200) ,
 `activo` tinyint(4) 
)*/;

/*View structure for view vw_alumnos */

/*!50001 DROP TABLE IF EXISTS `vw_alumnos` */;
/*!50001 DROP VIEW IF EXISTS `vw_alumnos` */;

/*!50001 CREATE ALGORITHM=UNDEFINED DEFINER=`root`@`localhost` SQL SECURITY DEFINER VIEW `vw_alumnos` AS (select `alumnos_tbc`.`id_alumno_tbc` AS `id_alumno_tbc`,`alumnos_tbc`.`matricula` AS `matricula`,`cat_tlb`.`desc_tlb` AS `desc_tlb`,`cat_tlb`.`cat_tlb_id` AS `cat_tlb_id`,`cat_alumnos_activos`.`desc_alumnos_activos` AS `desc_alumnos_activos`,`cat_alumnos_activos`.`id_alumnos_activos` AS `id_alumnos_activos`,`personas`.`id_persona` AS `id_persona`,`personas`.`nombre` AS `nombre`,`personas`.`primer_apellido` AS `primer_apellido`,`personas`.`segundo_apellido` AS `segundo_apellido`,`cat_genero`.`desc_genero` AS `desc_genero`,`cat_genero`.`id_genero` AS `id_genero`,`alumnos_tbc`.`generacion` AS `generacion`,`cat_municipios`.`nombre_mpo` AS `nombre_mpo`,`cat_municipios`.`id_mpo` AS `id_mpo`,`cat_pais`.`nombre_pais` AS `nombre_pais`,`cat_pais`.`id_pais` AS `id_pais`,date_format(`personas`.`fecha_nac`,'%d-%m-%Y') AS `fecha_nac`,`personas`.`fecha_nac` AS `fecha_nac_orig` from ((((((`alumnos_tbc` left join `personas` on(`alumnos_tbc`.`id_persona` = `personas`.`id_persona`)) left join `cat_tlb` on(`alumnos_tbc`.`id_tlb` = `cat_tlb`.`cat_tlb_id`)) left join `cat_alumnos_activos` on(`alumnos_tbc`.`estatus_alumno` = `cat_alumnos_activos`.`id_alumnos_activos`)) left join `cat_genero` on(`personas`.`id_genero` = `cat_genero`.`id_genero`)) left join `cat_municipios` on(`personas`.`id_mpo_residencia` = `cat_municipios`.`id_mpo`)) left join `cat_pais` on(`personas`.`id_pais_nac` = `cat_pais`.`id_pais`))) */;

/*View structure for view vw_centros */

/*!50001 DROP TABLE IF EXISTS `vw_centros` */;
/*!50001 DROP VIEW IF EXISTS `vw_centros` */;

/*!50001 CREATE ALGORITHM=UNDEFINED DEFINER=`root`@`localhost` SQL SECURITY DEFINER VIEW `vw_centros` AS (select `cat_tlb`.`cat_tlb_id` AS `cat_tlb_id`,`cat_tlb`.`clave` AS `clave`,`cat_tlb`.`desc_tlb` AS `desc_tlb`,`cat_tlb`.`clave_centro` AS `clave_centro`,`cat_municipios`.`nombre_mpo` AS `nombre_mpo`,`cat_tlb`.`encargado` AS `encargado`,`cat_tlb`.`correo` AS `correo`,`cat_tlb`.`activo` AS `activo` from (`cat_tlb` left join `cat_municipios` on(`cat_tlb`.`id_municipio` = `cat_municipios`.`id_mpo`))) */;

/*!40101 SET SQL_MODE=@OLD_SQL_MODE */;
/*!40014 SET UNIQUE_CHECKS=@OLD_UNIQUE_CHECKS */;
/*!40111 SET SQL_NOTES=@OLD_SQL_NOTES */;
